CREATE SCHEMA IF NOT EXISTS mano;
--
-- Name: Action; Type: TABLE; Schema: mano; Owner: user_feat-pen-test-18fpoe
--

CREATE TABLE IF NOT EXISTS mano."Action" (
    _id uuid NOT NULL,
    status text,
    "dueAt" timestamp with time zone,
    "completedAt" timestamp with time zone,
    organisation uuid,
    "createdAt" timestamp with time zone NOT NULL,
    "updatedAt" timestamp with time zone NOT NULL,
    encrypted text,
    "encryptedEntityKey" text,
    "deletedAt" timestamp with time zone
);

--
-- Name: Comment; Type: TABLE; Schema: mano; Owner: user_feat-pen-test-18fpoe
--

CREATE TABLE IF NOT EXISTS mano."Comment" (
    _id uuid NOT NULL,
    "createdAt" timestamp with time zone NOT NULL,
    "updatedAt" timestamp with time zone NOT NULL,
    organisation uuid,
    encrypted text,
    "encryptedEntityKey" text,
    "deletedAt" timestamp with time zone
);

--
-- Name: Consultation; Type: TABLE; Schema: mano; Owner: user_feat-pen-test-18fpoe
--

CREATE TABLE IF NOT EXISTS mano."Consultation" (
    _id uuid NOT NULL,
    "createdAt" timestamp with time zone NOT NULL,
    "updatedAt" timestamp with time zone NOT NULL,
    "dueAt" timestamp with time zone NOT NULL,
    "completedAt" timestamp with time zone,
    "deletedAt" timestamp with time zone,
    status text,
    organisation uuid,
    "onlyVisibleBy" uuid[],
    encrypted text,
    "encryptedEntityKey" text
);

--
-- Name: MedicalFile; Type: TABLE; Schema: mano; Owner: user_feat-pen-test-18fpoe
--

CREATE TABLE IF NOT EXISTS mano."MedicalFile" (
    _id uuid NOT NULL,
    "createdAt" timestamp with time zone NOT NULL,
    "updatedAt" timestamp with time zone NOT NULL,
    "deletedAt" timestamp with time zone,
    organisation uuid,
    encrypted text,
    "encryptedEntityKey" text
);

--
-- Name: Organisation; Type: TABLE; Schema: mano; Owner: user_feat-pen-test-18fpoe
--

CREATE TABLE IF NOT EXISTS mano."Organisation" (
    _id uuid NOT NULL,
    name text,
    "createdAt" timestamp with time zone NOT NULL,
    "updatedAt" timestamp with time zone NOT NULL,
    categories text[],
    consultations jsonb DEFAULT '[{"name": "Médicale", "fields": [{"name": "description", "type": "textarea", "label": "Description", "enabled": true, "showInStats": false}]}]'::jsonb,
    "encryptionEnabled" boolean DEFAULT false,
    "encryptionLastUpdateAt" timestamp with time zone,
    encrypting boolean DEFAULT false,
    "receptionEnabled" boolean DEFAULT false,
    services text[],
    collaborations text[],
    "customFieldsObs" jsonb,
    "customFieldsPersonsSocial" jsonb,
    "customFieldsPersonsMedical" jsonb,
    "encryptedVerificationKey" text,
    migrations text[],
    "migrationLastUpdateAt" timestamp with time zone,
    migrating boolean DEFAULT false,
    "customFieldsMedicalFile" jsonb
);

--
-- Name: Passage; Type: TABLE; Schema: mano; Owner: user_feat-pen-test-18fpoe
--

CREATE TABLE IF NOT EXISTS mano."Passage" (
    _id uuid NOT NULL,
    "createdAt" timestamp with time zone NOT NULL,
    "updatedAt" timestamp with time zone NOT NULL,
    organisation uuid,
    encrypted text,
    "encryptedEntityKey" text,
    "deletedAt" timestamp with time zone
);

--
-- Name: Person; Type: TABLE; Schema: mano; Owner: user_feat-pen-test-18fpoe
--

CREATE TABLE IF NOT EXISTS mano."Person" (
    _id uuid NOT NULL,
    organisation uuid,
    "createdAt" timestamp with time zone NOT NULL,
    "updatedAt" timestamp with time zone NOT NULL,
    encrypted text,
    "encryptedEntityKey" text,
    "deletedAt" timestamp with time zone
);

--
-- Name: Place; Type: TABLE; Schema: mano; Owner: user_feat-pen-test-18fpoe
--

CREATE TABLE IF NOT EXISTS mano."Place" (
    _id uuid NOT NULL,
    "createdAt" timestamp with time zone NOT NULL,
    "updatedAt" timestamp with time zone NOT NULL,
    organisation uuid,
    encrypted text,
    "encryptedEntityKey" text,
    "deletedAt" timestamp with time zone
);

--
-- Name: RelPersonPlace; Type: TABLE; Schema: mano; Owner: user_feat-pen-test-18fpoe
--

CREATE TABLE IF NOT EXISTS mano."RelPersonPlace" (
    _id uuid NOT NULL,
    "createdAt" timestamp with time zone NOT NULL,
    "updatedAt" timestamp with time zone NOT NULL,
    organisation uuid,
    encrypted text,
    "encryptedEntityKey" text,
    "deletedAt" timestamp with time zone
);

--
-- Name: RelUserTeam; Type: TABLE; Schema: mano; Owner: user_feat-pen-test-18fpoe
--

CREATE TABLE IF NOT EXISTS mano."RelUserTeam" (
    _id uuid NOT NULL,
    "user" uuid,
    team uuid,
    "createdAt" timestamp with time zone NOT NULL,
    "updatedAt" timestamp with time zone NOT NULL
);

--
-- Name: Report; Type: TABLE; Schema: mano; Owner: user_feat-pen-test-18fpoe
--

CREATE TABLE IF NOT EXISTS mano."Report" (
    _id uuid NOT NULL,
    "createdAt" timestamp with time zone NOT NULL,
    "updatedAt" timestamp with time zone NOT NULL,
    encrypted text,
    "encryptedEntityKey" text,
    organisation uuid,
    "deletedAt" timestamp with time zone
);

--
-- Name: Structure; Type: TABLE; Schema: mano; Owner: user_feat-pen-test-18fpoe
--

CREATE TABLE IF NOT EXISTS mano."Structure" (
    _id uuid NOT NULL,
    name text,
    description text,
    city text,
    postcode text,
    adresse text,
    phone text,
    organisation uuid,
    categories text[],
    "createdAt" timestamp with time zone NOT NULL,
    "updatedAt" timestamp with time zone NOT NULL
);

--
-- Name: Team; Type: TABLE; Schema: mano; Owner: user_feat-pen-test-18fpoe
--

CREATE TABLE IF NOT EXISTS mano."Team" (
    _id uuid NOT NULL,
    name text,
    organisation uuid,
    "createdAt" timestamp with time zone NOT NULL,
    "updatedAt" timestamp with time zone NOT NULL,
    "nightSession" boolean DEFAULT false
);

--
-- Name: Territory; Type: TABLE; Schema: mano; Owner: user_feat-pen-test-18fpoe
--

CREATE TABLE IF NOT EXISTS mano."Territory" (
    _id uuid NOT NULL,
    organisation uuid,
    "createdAt" timestamp with time zone NOT NULL,
    "updatedAt" timestamp with time zone NOT NULL,
    encrypted text,
    "encryptedEntityKey" text,
    "deletedAt" timestamp with time zone
);

--
-- Name: TerritoryObservation; Type: TABLE; Schema: mano; Owner: user_feat-pen-test-18fpoe
--

CREATE TABLE IF NOT EXISTS mano."TerritoryObservation" (
    _id uuid NOT NULL,
    organisation uuid,
    "createdAt" timestamp with time zone NOT NULL,
    "updatedAt" timestamp with time zone NOT NULL,
    encrypted text,
    "encryptedEntityKey" text,
    "deletedAt" timestamp with time zone
);

--
-- Name: Treatment; Type: TABLE; Schema: mano; Owner: user_feat-pen-test-18fpoe
--

CREATE TABLE IF NOT EXISTS mano."Treatment" (
    _id uuid NOT NULL,
    "createdAt" timestamp with time zone NOT NULL,
    "updatedAt" timestamp with time zone NOT NULL,
    "deletedAt" timestamp with time zone,
    organisation uuid,
    encrypted text,
    "encryptedEntityKey" text
);

--
-- Name: User; Type: TABLE; Schema: mano; Owner: user_feat-pen-test-18fpoe
--

CREATE TABLE IF NOT EXISTS mano."User" (
    _id uuid NOT NULL,
    name text,
    email text NOT NULL,
    password text NOT NULL,
    organisation uuid,
    "lastLoginAt" timestamp with time zone,
    "createdAt" timestamp with time zone NOT NULL,
    "updatedAt" timestamp with time zone NOT NULL,
    role text,
    "lastChangePasswordAt" date,
    "forgotPasswordResetExpires" date,
    "forgotPasswordResetToken" text,
    "termsAccepted" timestamp with time zone,
    "healthcareProfessional" boolean DEFAULT false,
    "debugApp" jsonb,
    "debugDashboard" jsonb
);

--
-- Data for Name: Action; Type: TABLE DATA; Schema: mano; Owner: user_feat-pen-test-18fpoe
--

COPY mano."Action" (_id, status, "dueAt", "completedAt", organisation, "createdAt", "updatedAt", encrypted, "encryptedEntityKey", "deletedAt") FROM stdin;
c3afd2a6-c7e4-4c94-8283-7a0afb04e8f1	FAIT	2022-05-13 14:57:48.343+00	2022-05-13 15:04:05.008+00	ea6d308e-6956-488f-b299-fa0b2d7e37b6	2022-05-13 15:03:36.016+00	2022-05-13 15:50:05.68+00	N87svvUaOE4TD+oMyXWgQrKuG9LkhDHmGbQma2lBl8CsrkGMq+pqzH7IgwTMiXFKVPGEXYTCNY0Z2MXyTpbmG9/Cnj1mcMxWBicCAkE3YwWSeML254GkHhGvD0I+Db8bpEjBbn8/KzFgLGJ/opTTbi9SYwk23iUiula/TCCXW5y+m0ZEzwkSM4mCJWcNZUaBp+LCevAZCMaa0+ng4dIpE7b6pphjNBEYp+3Gp6qSM8PCYjNJ9Zlo3/f2vF0ublHyiawyyuZaoCNvw/WtDUOUXvNlF7L6AY67pWts+zCx2So7hzGxzvdGV51UeN4tl9vP35epn/hsUM8lYn9mrpxSgZGooRXAW3cnoXbayMKsZU/DlIi5w2kDje6N6DRnALELw3vqlNYHyPUyKGm5PJOk24rCtSQH8H/WGqM9TGPsca313Cs7ecimxpbaw4LPSzurSuTssw==	mFfkNU4XjtA6yGl69AZZaVw/RrfXx8tzC47Ty8R+xiuIxkbilNh42oJnrJBxR4vxLQR9Fb56UMdSNVcaNVIxgPkSt7V6yJwm	\N
adb32a1a-2f6c-4f30-9e65-4f6aea2b6e7d	FAIT	2022-05-13 14:57:48.343+00	2022-05-13 15:03:59.663+00	ea6d308e-6956-488f-b299-fa0b2d7e37b6	2022-05-13 15:03:36.268+00	2022-05-13 15:50:05.682+00	ZSypE8O4AfqSNu39bKC0xtrlMjV2gzXaiohzxgppqdHVgdt9idVfqQ0MwSuPJ71Px/HE6gTtTjqo/ls1CrcbaEP0AYN8J/xuf2y1DA7asidnEJkQFjfiM06Fms6AJ/6DvLIgrqRSzH/O34km/kLEF1o5rI0W90HGNcI6joUPkorpYzNanySwmWym6RE8n/gUQ7pbkZVdVupRheGVGLGVC9Kom6Hq9e+Tpo1P2GAbEAyKC0K5uDC4fNAFG3qNxXxlC2TAxOWyfM9LkbWqN/5BC2p3ZYS0VDrvS0FOkrsdW4qJRbgWrTXtGUvRgPPJRMqsKoAqz1SoFjyQ5HjIVJHmBrSJpUQjlGLhjfJUHu20SB+rl8Ss93/c3RrvMEu9nTKMHrXBXvn3Gk8nwZPq+ljpSnA3HQ+mcYlwwPVcm7RkU5r7M8ImhgzPpSMo+TGN5G/crBVolA==	7m/+btURgnw7hQGvgt0cpbdMz2sbKf1aiefGx3zlULXOt1KN58j5NfezFSDkAoUdHrhnyyhpwaZcKfsr6LdkZrc5xD8nLY6I	\N
4f98e4bd-bd6b-48d9-8813-5b6510ecc825	FAIT	2022-05-13 14:57:48.343+00	2022-05-13 15:03:54.414+00	ea6d308e-6956-488f-b299-fa0b2d7e37b6	2022-05-13 15:03:36.367+00	2022-05-13 15:50:05.684+00	Wvu8NmUV55Os8TPZsGfqVoSvY9v2KcHbUjs9M3NY+XFza34aC2prp4uRfLtqt2VZvJrybG9DM+gmKP9XfyvfXon1gJBDfiJGZT1VIdrzh27XR4Ig97+z5yG4FarpqsG+Np7haTDooaLa3SXUqrOF7k3yirMk9pq1gOTAqqd+nBg5a4GYKu14EIu1byN4r2DGaPi/6jCb6nnXV+3vxDFiFITdevL7zAqQNuADczcFc96Xj9Jfut2MLQGBiBPHFV5JPwvliJQqFT3rMAKihHDwcPzz3z2g+SBUh97NcLhIHvm5ybpmbFQCYFX0VBNsXFlDlR9cBMaG45t+YE6i0JfAdxopleloy1scZvvjkyyZxMr9AozospV9CQfggqPZN68w/Hssg52E7m+X487EF5ZN06HG2UiUbsBsrzg9UTRjDkEFqzmttHKyj5lI1cYIKw2WcWze7A==	Yjg/0IfhMbydRVdVK5rzo3cCBVVzq7Lqxjd7pYpuImofO6I//m1LrIsD/a/+AC5Bg/SiB5lzD4m+m7yZFrVDJUM2WhMmm8Xj	\N
18cd10c5-c0a1-499a-8899-70732abe8852	FAIT	2022-05-13 14:57:48.343+00	2022-05-13 15:03:49.263+00	ea6d308e-6956-488f-b299-fa0b2d7e37b6	2022-05-13 15:03:36.464+00	2022-05-13 15:50:05.686+00	rLccvIHj7pondaBco+sVF2nOsOEA2mN9fAbO0Goa12f15T2eO2Iyg48kHTF4A58G1RIZaMJhP8d70gTQGfFvo3V/as2QnBOerfP5Uzdf3fn/6ocWdJeZWyyByRyA4EQKUpBDdcpO65iN9FgfIl5hUhJOIkxOrkLgW9Zhj59uHVzktd/UyxCKgfkTLZEFFqk75KlNkIv1osXD7v1Yv7LHbtyS2ZLJCo5bktU2GTOxU4H2d9PYh7mVvgrFAkxqYeO+3ys7L5TcHZyH80sE51b2csr31E1cqGIqDDZHqX3cE1Jru9Z976tNyqHb9rIlR4gLHJl8HjUo+gpX47N9/wNuS6CnbpmemzjThhVJyqjtYuYM+/TV0SJ1BFsMMPD0KAF6sP5mT1PrIc/t5SGxaJOj9ovnlzuskU0z1QXDN2/p0i+jQL3YPvxtWaHcdWDUGDfDLkAm/g==	8cQoB7FGcAsWMva6uuf0Q/UEd53nWk8LqX5GeW1C8Pcjyfs0ZvUnZn7lFuZEpkdmTSgTJyL+OvvyZNKPKREBMJ9k6TeixNYu	\N
17695587-95f3-4be6-9083-aa890ca67f36	FAIT	2022-05-13 14:57:48.343+00	2022-05-13 15:03:43.042+00	ea6d308e-6956-488f-b299-fa0b2d7e37b6	2022-05-13 15:03:36.564+00	2022-05-13 15:50:05.688+00	K31avMoVVS8IHvL8Hp8ZPlNYgYuQOAum7wlUAgrq0uggEGd2VXIpSGwZoAJb3YjmCbWIrapV6J8iNrEQqUhz8dLhrqSGIYT/TFilknaT+rwNGOZY7IK4mT86UQTqf2csvIAHkmQuLYw0o1R/z62nx/Nn9lBh1+PMJD0vLs7cQBt25oWx+Uol7h/Bc/c70CjtjZH2hNSnvMAvV3h7QxPqOCUSoGvCaFG6L5kQT2ky1rrVLY50ueu5FyPoUV6ymuZdU7UrqTk3KsdD85fwFyE1kGLFUyTAYvJ6TY+h73PgKRnoC9uDeB0WqMJHu/pGYLcUZz3lhtZZGcsF+/Qds4dJ9SlNAAT52+fbfPCm7a3+2Mo1MvrjrCsPHjEzAtEVzpzpLAyX8HaSOe82MoOHTspYLzNerT9ky7cZmt8/padROGLsvoLbeStc6OnftaxTJTiKemq0eg==	T0eHeAakIsjjpJIaRWxIavI7AX06p2WdyB2AvKPLZXLcwj5j+lHxzz8hst+rVp64K025rwWBrekb5up0PEzeV0U+3ohoRH9t	\N
2becb2ef-e1cd-4dfb-bb86-afc6f780a5c9	A FAIRE	2022-05-17 15:05:41+00	\N	ea6d308e-6956-488f-b299-fa0b2d7e37b6	2022-05-13 15:06:05.427+00	2022-05-13 15:50:05.635+00	hKb3VxIObsmY875T1TtJxpDo7rMtKukOVbnOrdNgfLUhZPCcTzQuBcB4zbt0VsUnJRIQK0md7FJebAq11fUz2cYUvVOXtvay2xFO6UlEpwJNy4UguANz89UNSBmhjwysV1lJlZ3U/KMc2RSary1+eFnFsMEZOpQjgib+O4OYm9fQy/HrRFmKY39Pt5O6+rDYXpv8o3Gf3RLXI2G8eCVYuxt/peFlz4DNFcpAUPXSYjQM7ldVm1B561xAAGmh7x6VLPsMGesk3n99gJbIq2in5YX7d8rtSybYuyWgl9BJKK7M3OGDluwxswHCto2rPUT+eoZ5nWMzhF0FtZVjdOu6aIS7Ihq5HlsdlgNzTSNkYu4mo9n3GEVdlnISWDaSOzs6ACOyBKjlPELJ6KUPsO9cEFDkjaX3xbgzbtTzqafU+4cAOqgLMZK+/bZrH6MVxqQ0q9airdQsJBKKzwifdgwwGI0XGIwkvA8v1EMqqg==	H5+Gu8TBuR2r8TyHlGaXFrN5gKg+htwwtbHY0E7tvCzoYqf6bVU89pNNxNGOEnh4itjUF3xIhpDThxWHMeNYx5tSnIXDzXuu	\N
e915ffe4-737f-43ed-91d7-15cdcf6dabfc	A FAIRE	2022-05-17 15:05:41+00	\N	ea6d308e-6956-488f-b299-fa0b2d7e37b6	2022-05-13 15:06:05.654+00	2022-05-13 15:50:05.676+00	G45O+47yv/Qxxul9+vf2PRRNprTn4gEOBIgAVhup0RAZCPcUAADXKWzkX38sAsO5AixLEfcc1DBjifbbQr9aM1BLoVySSOl6tt0JJHDvB/U09VtICVMJCGywEbeIAzyCmyZTPuR4LkU39tEHnqLN344HxVgmmzZFA9fTx+iI4cNQbHuR9cmpRSsj9VKdsW3rf8EjaDwnOtm9LL0zQxe/sV/62jn4iGXRzcpaD4fv8qmFB9HrkoSOvH0a+D9eiQqrXWrSA12UnaYlN5tEJcZ6+s7Q34GKTrbIplcJYccqzHh0f0CdfUcZaxP3s9Iiu0yfh+irEtDHAatehBi53xS+mWsEcDDIhi45mYBQZmsDBCQ2//f4OCsrytz8IEhuPPB910zIRBnGWBKFuKD8OVM7BORcFZsmRt5TqMx0/4WnebunNsZpQVXqamTpRFaZXi7CNdMSCCIrgvG09cXddeL6EbwIcTfmGOXSjLfpZg==	zeYD8Nc/SLt48fHzB7rP+kCNppS7V50XHlwJhSZbMKNkZwWn0uT63BP8Js/PuN/myt3a0d0x6Ctnq1+aIP/hK+xMKgbnmmrn	\N
ccb19fbd-0450-4d6b-a4c8-e02022f4bf8d	A FAIRE	2022-05-17 15:05:41+00	\N	ea6d308e-6956-488f-b299-fa0b2d7e37b6	2022-05-13 15:06:05.743+00	2022-05-13 15:50:05.678+00	XCik/YBe79hyoMSgriEbpt+BYKFaPNkrmyaH7pqrRMDwlFXPYf0unuApbn26DVHBGjXKhK1X5KJn4VqtgnazT9vWexfPdKuCA00/I0A1SVextKmCKGEDk6fACHHkv6ZDwblRRol4wkgwJR9xAvPy/HsbZxRrU1LO5g1uaAKGWactpEwiS57fXjtaLd/Orf+CWNBkXLZLZ0IUY8fLA3TgY4b8NRr6xrCZlPIhvvhJHposbcfICVXUsbtEXPE5/itMoqPbDi5IH+LWW36dUGppf4PKH+ByD6C/dqskGkdXjoFdQLfoeFQpcXWlLtabbr9SRHCpsoWL5FE1zTa0SBN/xIn7THZyT15oB817g7ZpvtqglYYYiRt3cr9LJIBFssFrnchC96t6gOe0mCZnkz77Mu+yRqilRwy/9Zlpcnwt3ac3PapaCsu7iN7guzmbtHVrlNQS5j8vovi/GiHzMzeUXzlBwKoBgbjUzoWFfQ==	HylttlA/kG0yJaNtpb2x0V3Enlm51hckmdMaSt7yywoOXoiQVaaMlx7SgYlB3qX4pAFL71eud5tkESOzlxOYvWw0f86OHId4	\N
e1599c77-39aa-44b0-afd9-cc1b8b226e06	FAIT	2022-05-09 15:05:00+00	2022-05-13 15:05:39.318+00	ea6d308e-6956-488f-b299-fa0b2d7e37b6	2022-05-13 15:05:40.442+00	2022-05-13 15:50:05.69+00	dh/8jO35TFKdej4dTwlbbYjs6dA72kUxF0fzExiyEVDFkhSW6CToBHz6Vut3S2KTLKyyD3297vRm6ieV4uiSH1hEcYmjNIIFvlD/Ft2dtEtr5/Z40XlH3bgyNREKDsep1pZ0lpYGrUMLXGKI2YPPeA3cUhUNIGVs+0mXzs9WuWjf4NP7bJ3D4wYxXdpbNs8k538WOclPvLYVos4hSaY7jh4eJt/whmsTO4wMam7ToYBYXjBUxLvj51mV+y3z5dvccT4EHQB3eYYbacLj0eeSwXRCclL9o85eH+AMCRQnPrWIlXsy7YQ/h4DVWaWlemkF2TwbJWggSOiefU6vsHz3dbSrA/n6TspUz2tm6MTRTyVQAiB3niDqg9ztQ3wFRvQW357x+g0E6Hp6dqxzPrxIShowkJ8CnfOmVN3o6LNMpUow9n3sfzpUO3GHwiX9ZQG7BMV810cK7OSb19u2klU2kPQ/40zAs26SUL+9PA==	VdFf619P5k6G+nooDysHDKuc2lUUY+G5H7RlI5ghe7LNVYnFwc2KgWx61VPi2dypiLDerrSAd6mUwpz+ESkB8WEyGFPKjlHq	\N
eb7e64c7-9316-45db-887c-fdd2ca71ff80	FAIT	2022-05-09 15:05:00+00	2022-05-13 15:05:40.464+00	ea6d308e-6956-488f-b299-fa0b2d7e37b6	2022-05-13 15:05:40.636+00	2022-05-13 15:50:05.694+00	OLOHi1WOjv2bhnPpB1Qhr0KrLB/4lSMzMlWhK7nU/H8dgTQ70FJaHDAmVZosUmRDHCuINL8YR5MeSCwn152tS2SQWsd+5B1H7BWLtWuzofmQtAvfwooWFf4VX5e4t8btwKetPDFs6WGUiB2yki1a0Mri+kRma1MM7WrOQFgrMHFloK0Jy07wmRDzHBjXJO31l89m2EqQK3mteZMTIbAkRS2Xsqok1gveKqlT9DI3NVL640hl/xAWhCWt1cfOTsSLtCt5UELD6YujVhRp51Y76k7bhyCAARmDlAenCbYWLTcq3buGDHPB4yQLbTRbhMY4PT/N3NwOGzewSIhvWenugLF8IAP9Vq5mXzVmQKsDqiHMkDeeN/DywLXnzXHeQpTIr9wCbyl8bKgBbRHVTovq2wibGw5CxIo5LoXnduIZpzZ2jEpOHWo/9Y+jyedDHza7KQ1bK4RVdWMJE69D6FyKGdBQy18oDZLyMjUJIg==	xN40pQVDyM9b95iSq8t4iz+tdlnVgzkFaIusXQPhlFrQp15BipsGQFCiqb1AXFNrITI6OdaOj5IP/UY2F3YnkdF7rIN+yXsI	\N
6c1c72f8-5cce-4d0e-a4fa-ad0db4510c6b	FAIT	2022-04-29 15:04:10+00	2022-05-13 15:04:55.491+00	ea6d308e-6956-488f-b299-fa0b2d7e37b6	2022-05-13 15:04:57.028+00	2022-05-13 15:50:05.757+00	tJ2xX8KVCNyYe0Du30DQKHSJ/W76uPDCr8dK0o8j1BzJAttDKZIB/kmBvfV2HKxlWoIg3jJ4+q5n4XJleDMk+ochY9DuvVpCDAPqU/o1U29qBVMz/JImkmvytJh1kJuOybvCTCHMokweMgBy3oS9qbSDUTUKifT8jpHr/A+ibrUTrLszn59I/bfQ7fVU9GP6A5u9XnbSPBRfA7+uAgF3ilol3L2pFJ0sIK4yx1RtHkXfl0Y5NykTf555plg6yOI8ElOxDXuer+TPfd4w47nvtA/l7xDaZXuQ/aMSqNjdGFsBrT8v9dxFbgAi7UMgLMA35/rLqfH2Ni2pAXaYZ88ERENKwciKA8nAqfwmf/YHAQKP6m0xXyMcpO1tbWaQFyv7f67BKerEJFjIR3ZM2zqbxFm9OAhfV0EGgyC/krRuIyMmKz4gmVZITBLbRVndc7gJt9yMFA==	FQHgkqmvMPtoZfafIMgClj6fu8Nqt9AOmLZ4ViyKbtlZcnVav9YhEOdjq2UEzBxS+murTfR0C8t8s1kjpt+xs/xJK+Y8XxNc	\N
cbaba367-8668-41e5-99d3-b4518f2d4cb4	FAIT	2022-04-29 15:04:10+00	2022-05-13 15:04:57.112+00	ea6d308e-6956-488f-b299-fa0b2d7e37b6	2022-05-13 15:04:57.252+00	2022-05-13 15:50:05.76+00	fA7hhRhoWorXP6uQKYid/iyQYcju5Jy8SqKFD7fFBYDAYTkzB5RUm2/AnPa4zxKtVaYZN89xg3ZyNB03ZXsiPPSedXW4qC6g0OUu/dMW00lZsV5Tv4a9R4o7697GetDp8ABzIgVMnqJMPE38Y/R4OtBnZFwOv7c7qYDY+mUAihwpo6lhZL5uZ0qbEypYiyTsGIlUEW0pt9Xz/QZe+oflc/BCIdAkRxmsBU+d5xMyP0uGxgN12nBwd4sEUb9lT4sd8mUU7N+unrZ2RsqWwaafjlJQUiiO3fU2aduU6XLbxWsMgFyGLvrW0cRBW2XYSjVD64HiX4Kk6MaSlyjIMlq8owEYAvnw6nkdZj+S6RGuQ66CFXJrl0+GQJ1D3u88pvVuan7xfjzVPhNZmcDNG3UA5fiWn+WIvukhcqXhfBCuAlSJocd7YgJ2S2jiguewgW8GoXHV/g==	ISVlOC5orfRQIlxr2JKsoag6Yzs1T/6YL88/bbk1cBArEImje82aXlOlfhxinQosxUBvkx2ZvOw8R0vR/Y2P06L0KUFzAHPS	\N
4fd3ce7b-4ab5-4f6c-91a6-c052e4a16a9f	FAIT	2022-04-29 15:04:10+00	2022-05-13 15:04:57.198+00	ea6d308e-6956-488f-b299-fa0b2d7e37b6	2022-05-13 15:04:57.341+00	2022-05-13 15:50:05.761+00	VChe+il/gzk1CJzGZ/HDExWQn+ciRTA6FSUjCzajZRcck738tUVNYWPHKclqSx3a0vQt/XKqeksEbWHSJDnRB/j0Dx7XxJfDlO3UsIpcO1mBhWL31dy71b6qp3b/OoWOf2BpU7tqzhppct59DNwn/0AKyzTQXiirTqab4HFqPioNaXKh6Pe/oPKdfoP9WxMtunGTWwdIMxACXDuXd9SrBatI7RCWVfVCIfe7KerjnNLAaakBZFAnmIuLSfvHyP6tfNAUS8nHQM1XCfLFKkAX0+up7CqQLuuoYYU4XRW9TMr9cHLFaOCiTO3Id1AJWbzPGVd5dMlt7WgzuM/FoQgi3J5B04ge+g+ApMCjKFzpY6YZXIoOq9zyhHw+OHHAyIX/si5OsZesq99Hmm9uhE1VDnvwC3TBo2W8ncy2RWsRnvIB5d9lu2ZkbYZ771x9cZDeCLkDTg==	cj9gvRZbfK5od5p6/SD045Vy3qXhSgn8XfoPMJcF6D/Ajvs/aC09yZQLorOLbsMCmkyS7K2ajdUXhchSrNOmzSJV9ztmFnZW	\N
c6220e40-9ae3-4d73-9771-c70ed3552462	FAIT	2022-04-29 15:04:10+00	2022-05-13 15:04:57.418+00	ea6d308e-6956-488f-b299-fa0b2d7e37b6	2022-05-13 15:04:57.567+00	2022-05-13 15:50:05.763+00	U942j5zmktNnXVINl9e2E8w0AqIfjHWU5eXCfw+57opWiWlWMdEgOt9p0NvHxa3J8BqZYVEi5mETiDPFjc65YS3xddaKieitvVG1KElPJYb3iDmEGnR6Dov4uarO/KJWQA4nWBuCtFsKcDwi+vowxHHCH1NWgf1ReoS/XXl0EGZJcdI3orRXobC7olcc4ohi36/VGEiQjwjCMe7YT4BFm2ZFjzqKIUQHPbZu43cgHZp/pOliQ82Shi/WOMEEiNBy8hAcLxMItbo/ikbVUFCwUrbMZI2Eb5mbY3+QnYFV63lf0IzXfcT4N+1VXonPobAdspqVconK81MPwpejuJOppXsB5ZUqLH/kGnP5GzNtuqT78nwQ9M3oP1kVp7s2k6dzUbKBH0BWY1SFmTlY5hPTGarUUdxIBtZ7RCPBdsR08BzBaBVjb6o8E6njvxq7F1aGD6A78g==	aDFG5jaz3yJtlX/ZRbHs2luH/ZxrXpVyLxcjo3zTgDRfHWekLaFhXKJUN7tPfYlxHVkMMS6y9PCYdm6g1KLb/aOEBOoeKr4r	\N
70ca7a11-b97e-4b5b-89ee-1a21b7097c06	A FAIRE	2022-05-18 08:32:48+00	\N	ea6d308e-6956-488f-b299-fa0b2d7e37b6	2022-05-16 08:33:29.877+00	2022-05-16 08:33:29.877+00	Y0Q/5m8d497N5A48BBbeHzljcUTxfzUk8K1GACX9IJC+V5RwnjGvwOx4eKtX0AH3VGZkGoAmNClVIEC3qsXpmcxX4/u7sU+wfpiBR/G15XOOBaOvkIOZRdVrZHnlDrTKi9PimefOC+zjaVTwku22ZlcCp8aw38TxdP3I0gWX+v1ADxQJgdFGcx3w8m8pXtSsqMysLBc/23ItH/mEnwNTegKVCeHlqqFT0GYBn4HvGcW512Kw/wWXwUGt6nX2AvNM0WK+FBmgq4mfJp+gJ/IXaBWhbKj9zn5NOhTH/6QamYt1rACQKVkVJABcI+t+3SBz8ChFGjaeGVTRMflixnnavTJt6hnmzumErSWTkEdCFvZjF+J5B/VXJ+m1AtEUVVFri4FbHOA7Jzs1oEI+HY8Rt6bR02uUzVUzU6BZ7Y3HUPVb3Zp/+45ibauDiyrYoPVBgSJZm0/ElW5E8xAU8JvdOvVAwagOKSZN/KEIyy1LRut0crHZtYp+KKbV6Q9/GO4wzANnSKbiLzM=	WA7E6zlG82NX5aXCw891NLoz6Hl/HBUxdCYZ7XRZzynyCCIP1DA9FL9DoDBxp0+LcioDlOoO66JLkVVsDgo5D8VQsRHK2kNd	\N
8e2c232a-570b-49d9-afba-d9d4a00d49d3	A FAIRE	2022-05-18 08:32:48+00	\N	ea6d308e-6956-488f-b299-fa0b2d7e37b6	2022-05-16 08:33:30.082+00	2022-05-16 08:33:30.082+00	iEq6sSyDbtVBNA5csWrujW406hh/WLUucHqJUAs3XrInP22eLyTAnzCmu3kiVFTiZ1aeFjpOamhrGighE7esh/8z+9T1MTD4Cqx9VjXm/HfAQd/J3NYOYd/A0vBIXcZHVWHIsuP0kf9al37xdnqMAxmcl1+wTUOi2XuKTzcVql8wZ4sj1KQuvaf3u0QFksxEArea5TcvFA09foVIFiwDlCnKS/Aa2zjimt9+sd/HApqEi7HJ7VxwFea/UCDXmoqoer7PIj9E3cU48x6iAeR2xRGqCKKph9j/dDZY6xe0CwzCU4K2SMKQNRpFkbr/xXlUq59SrNiM/FBeJeGPoAahdoaqM/DlkJmlY9bR+Fbym36ymnGC7iirZwiIB6ntQ9jJTlmjS2br0mzrUo/K0zlsD3LhFAGfI7s1DG8boUHkD5NRaCXI3qeL0pRBeRQao7LDG0CnL4MuU8FolYdFgfvWjduHpM85Cio9Qa0S9hVMRRND0PLVYVTxii0LL+TW9fEHWTzfOLeur8o=	QTwI7JsznLIcSCPvfBPVBrTX2867Az4M9D0B/6Z1A1Zs7sWxiHtWGGG/qlsCNFn9yhGK4rbRDESFL1gBjxWQMWS8veuU4/KC	\N
3b497b58-49f0-4454-ab9f-8dfefe0f3ba1	A FAIRE	2022-05-18 08:32:48+00	\N	ea6d308e-6956-488f-b299-fa0b2d7e37b6	2022-05-16 08:33:30.19+00	2022-05-16 08:33:30.19+00	zmt4tYpfc7xuo9216Oj+92F5eyVz/guYYYx9kwRhifeXXS3SwZEKaiw6of4G+XDLB31srRKEQihz68UJTueeXxYD5HzQFuxOzMkCJFBcXUg1Lv4oj++pAskyTUaAmZozmQ099BE+Ux+OS+ZDzwFAwu3UFSN9dPS2zJ6aeHc9XXfJS/TVxHEepuLElC1bEF7B5Eqd9ztN489399wv+Jn37tqsDFYSFO3CMxDujVQ1zrTrtS+rbCQjQG8jJZdMRFuYGJ7cRV0JOSWHGRcuEEz+PcdQweniXrYzrob9CJuPIIhjIH3z2XnNozw6VcbKuVPlth4pvxVP7Xmuv4Zv/Y5TvX1dqG5ZZPxG3Za0uqnLifj/kepG9mRAfA0BhTjUg1R2In36CN4b+8NLcoEey8K8YgDhwiS1Hw7Re6QBgy0tHniEWgBGasrp+KAMNFWs7cQDVZ/5IxckdUEVFZ6AdDg8mtO/DCjbngquk3R7BgITuQj5RgqUCHd10oqJY8tRK8lpVddY+SpXgdA=	JYnlU5/Ze81nYbfNdqAod6KFUj/zd4Z4eegXR3snneUmphL3JxdDjxMfQchdSMsFtrGfnDQ7527sFZHIMZY3zKSO3h9LZnbw	\N
1d893d61-3b23-4f5c-9435-7473d9a22075	A FAIRE	2022-05-18 08:32:48+00	\N	ea6d308e-6956-488f-b299-fa0b2d7e37b6	2022-05-16 08:33:30.299+00	2022-05-16 08:33:30.299+00	jv2JNK/JbfI82oagrRzeBg0Ang2nzI2iwoRCMqdG/2hwMOwyP+9fhJV8QUjDEnp1/77L8s0Fezz0QiN2EM6eI3Oakg2EpYQb40dxUgP/LOmOq7JKaQoyFnNKnBO8xFDhHwJCYwz2lbAtfgoU3GtEp2QyEVHOrvLInAGBhkoTeKWK5moJI8g3Q024Io3PDvazALnl3kj9gkFjfdMHTFivR+Fkz/rmVIi8n32XBQczCnqn9HnRWt4mPfGZvvcBQy6onh0A9lDeXDLiXh+ywYyaEfi2chXq0JQ0QpGCFyDiJFKEHyze8UR4voIWTeqZjX/UoLZ+hisYx3ACOOTJxUMMYwHZvxMc9g/6+wrVbYkMrDYBdo6qNASntS56xYnQnESkeT+X2Lb5gtoqGJdiQjFxuUCj4v7blh6um+cqIeD4Rw1iIb3J7eoGZuBrJCeqMWphZ2ucf90p+f7v23cMIWY6RZvnUXFaiATpI1PB+f6hlXowbrKSzPvSbe/weoERP6swiKHyDRDKdLE=	DT+jMbLQ+sJoTqESsp8yvOSysC64OrmK4LjWlf5zvL5yWKNp2Fm/WwkL98lTDM+7VAVvln1RDrkcjB/Zo9tloLb36THI3pgZ	\N
897c8370-7a36-424a-b5f2-24aca0db0b1c	A FAIRE	2022-05-18 08:32:48+00	\N	ea6d308e-6956-488f-b299-fa0b2d7e37b6	2022-05-16 08:33:30.397+00	2022-05-16 08:33:30.397+00	FbxviSJaqcCxVqjEiht6eVfoPhp+LxJKqdiJ2jwkFVEDV0BjKZBmLsubr2N5v07JTYEUgkDOLAIjjKyqFx1IeL2CHWjfb1V0T1AUXlL4+zrBnX9crvQqLp+liZdFv61khJ9NE6XYmRbYi3oce9XyxYT/ycKqU8TRq83LiW8lq5+SycPtUqW60UsF5aISyA2o8Wyeu9wuplhUz9jyAEERJ+804UjQkfoBSI4tOYdrpvsBaJv1emIpVoLAqMeYjIxJI3GK1gp9YykE70u4xHCNyoket3JxywMzTWtvkYvPI92PxQq2eM0Z8VKcDR70G+U7VJxiW46XrYf9y0QTcWaYaluqOXCq9/pA9oUShZDAXo2G1/TsY1vrSWZRLhcmU62dDJONQq4VuRCmFVUfRm8Q6u0XeXLvxjfBRhAJwCONZhwOh/SbVifbewraJ9lhYw6UHJ7QPVE7V7CySv2fr/cA2ir7idf9jqbbcjilEeXzkJ9ON5mcyhUji1DLg3BITuJu9opxvbWAzBg=	GV0w+GuRsSbKa3ypcoLaWc1Tr+81kL+whRDjcPkKX1EcO6nJF67ixUNCFcpre8ftvEQbg6TVmJmZGX13RIJQ7aEatduiF9SK	\N
e7d3f690-ee06-4611-94a1-216baedfaf23	A FAIRE	2022-05-18 08:32:48+00	\N	ea6d308e-6956-488f-b299-fa0b2d7e37b6	2022-05-16 08:33:30.503+00	2022-05-16 08:33:30.503+00	l1U6hPKCJlLqsO6wxdatabZk4E964A6Ya35y6MwYxmkVx9tY4R0vZlzDFKFSbLMjJY/XgcHzfN+dEmLODEdbJcIlwjuadCdWlpycPAj6vS0KFFda+oeqMV/MmBEuYKmmk1KHvjBmOtZLbHthmscI0AG3Mkiu8alIGk1dCtnzLCM7Ue71BO/pmQea0/GA7uCl61f2Nf4QNK5fKKNwjKoYH7nFC4aNhALGMVK2vXZXMfcO6bOFD4shUVfVE/MGDWcmIMwCLPi6gOK+HgLMODQwQ1ZqCxqSiOIfnyJKD5+D8u3s09MB/QhCB/XFpKkxjDm2mPQRatx+xHY97veUos2uued7DEsTar4wHjZrQYGwzuVU1nHMJXc7T3QeJx2G9hNEZxVI2IaxHd5dX1Yxfcf5NJhmxO90rXzt8VfdGIz+Lb1DEL38/PJdXkpQjYSlayr937gjaGbSap1+UbSyjZc5Wa37s53gJECD/AzTyMO7FuFYEHW5S6Qc3KM7+w23iOYNmTugRdmpbWI=	2fgRT0mN291JGiiyVrhTedRdSZIUoPLx+o/UO+zZm4UglegOOeCpLkiVHb7togL0Ngsv1y7WJMWKzz0G1wNEFLXifoNGRCOq	\N
0f0b462c-0fdb-4ac3-a9ce-e88d44283028	A FAIRE	2022-05-18 08:32:48+00	\N	ea6d308e-6956-488f-b299-fa0b2d7e37b6	2022-05-16 08:33:30.605+00	2022-05-16 08:33:30.605+00	Sg3gkoniMJaRP2lMrQES2RxyXq54KQvU3yjW38JD4MI9v9MO2NhRFi5QaTImbE3kSVnNmh1t5S+tIxHSCEkn1o3DDjXaPxWJaUM4aVpSmKYYICdST/hU/kACNt25hOauZLxq9qIW/LWF1d6j42vGP5axfEx7lsHyolu9PQ//ynEfSflhn5K97Zs/lzE/2ucLDk6EzA63sLGliC9IBKmpw+EziE9VZVTEaSRtv/daQzSi9BOXW/CK9Z517r7BEy3l6QGyH3VDs61GZid1+OmopfbIhPJVBNX/TcIyUiPjMN+RFYJFGS2YR22SaHEOS+IVVY5a0alvV5gbeFyM5O4DRfsYfdA8femeuQA/E0NLmGjDvEEzAIvG2Dw5oK+pBmJb+Hmo4hpci0/rCLMQXaMb2ngtK2yEThp+o0MOnASlypslS/DUmIWa5sOO3CxqwmdRNuihZM4N9k/zciZrM0wS8cbJAElkH2R4h1Iwpp64R7nyaN8Zd2DVRJ+oWWYU3rfsMleYyCPMmaU=	dITXa2x6Wy5rGSmyFIjCcB9YfIsKJLCMBv01nGf1bGWcdH7+arTHwhn+ou5NpEoNwbR1NjPlAtrBNoHuAUeJH0mmxh85V8pS	\N
362a3234-1c29-4f2e-96de-0e8baa4022b3	A FAIRE	2022-05-18 08:32:48+00	\N	ea6d308e-6956-488f-b299-fa0b2d7e37b6	2022-05-16 08:33:30.732+00	2022-05-16 08:33:30.732+00	MaHLD+n9+HK0R43HZze8GKyKNoAIHuzvv0hze2giQWPjQHC69TdrwMvhBXtoXoOVGSqjnPrOPvcMkMetmHxK0gew/7Lubo7ChY6zuHkUQBSjz7LHdaJ8KRbr+cO5A1cKuWr28w+rqEiUXjIs3rpaKslZ4gchHYMgZP+f4QEtfxOwSW9b5jl7O1KpsF7peW9FOo17rRmWpTwH1EavRaErhBjs6EbEb7ILUJJisKV75xvYecSZ/tG9HNspFoDs9jgzLM/kgGcOMfPzBjNGv22al112sBZdMch+b/N7kngal571hGjJmjtXG5sA71kZR7rOOESeUdubdCumzM+PcV/6+QEw829TqrxeqBt60hikHlDiZScTP+QSf7Ine8jJISz7FAXTXnHpSSWK6ANadn42k6oeic2eYBzYBu0qJZttWDDMjeWmiswsKPzQbs2U0tKVysPgPNBSckk0UVt+KbZg/xcjKOqvhlLECkHg+iM0xC4iNucnGhS8FDaxUxYBPbKFMABDeEROf/s=	5Ow/F7v59SUxfH5AoVfjC1My8CwtYPsdOK+8YtoUwsBrZJukVXRGNFIdxwMtRaCenAIK6We4bV1qFqDC97029HfKgOGsTnp+	\N
9c9cb5c4-179e-4f8a-9c4d-2e748658c834	A FAIRE	2022-05-18 08:32:48+00	\N	ea6d308e-6956-488f-b299-fa0b2d7e37b6	2022-05-16 08:33:30.835+00	2022-05-16 08:33:30.835+00	bodW1Xl9o/cWj2Z5hvfdtDB8fJdtzj5WEMw+2689zedknuEd7l21MnRrxqWu+XPaDeOO/CWvhPSMO19+qm11KdrBr7LxBnEjzKlbQLcVogvk9tvW3n25O4zH47pyFh9K0vLQwH9VG+af/WgaAr2HKfpEyEuAUS7xGqPjeB2lDXt2ATaUOCe2zuTsx5vTQ1CTau8JhIBHMEqPn7rlyMTZk5BOkOfP02B8eVOSbP0bYybb6beXcvNLYtswMCxfmipy0wQwx4DgRKGK+6gvaxHY4HQuvocJQ/VNgT03LYL4Cvok9BpaAgQinadvFp7VQEI+bfz7R1mOQjWDBTcuIUDY++VYrDE/DaZ7gleDea0gy8IegKLeREf46sgGjZuFLhj7Y/mclnI2HCNXJqGocvoctAsBEXoHi6FsJbtrqiR7dBXNF//P7ePPe3PefjbKQBkNK2QP+3xtYJECVvtbz3Ostn04yEiFuMo9z+593WDpDTp0hFXpDl09PmNycHxPj8akQY2SefsDYfs=	bCPcN6W90S9RiOC6SheHFzRG/bYxVH1hKQaia9O9pEtTVT5z9DO8PbyNCEl4AX8n8a/jME6iZHdN+A/6b0GjEO80h+X8aanK	\N
b4e949c8-40ed-4a7f-90cf-d4d165b987f9	A FAIRE	2022-05-18 08:32:48+00	\N	ea6d308e-6956-488f-b299-fa0b2d7e37b6	2022-05-16 08:33:30.925+00	2022-05-16 08:33:30.925+00	DeNeod6rlnvL4a6X0k6k306ya+Npu/kH4XKpH5FaHyJyww5UTT4n/5cUS+X240lOYuQTnud4h8vPd/YoctpVPGrCktszPRvxxalDqE9Wn13/KzXVVX+zn/wOi1zcpSIWIipZL/zcObXw2IuOzrOtyWQDIZt3Fm6LaMzCFbKfA9/Sz96lb3UN72oX/+bQ41JcxWAG+qNiqrmQ9fxtWM+n8uSIcEPZUc0XQ5Vpy0xVdrq7rwKyHl+jMgbzMRWXuN0PIKtISpF0v1Y3x6hqsth+fAuifjBhLJp/hwJQpqsy/n0BzG4I9Oti4KxAmF6p6fu4fzboyi3+jVXbBNGpXqYcecSSVVfY+zCGfOFK9f8S5D9l7urfaBFhGTUATxyxI0MAbW6X95PZX23vZ97dhSdz1IG+8FZ5CnkPHfwRlcgYD4EhQDCtv2p5eN6vfpYf/tU+K2Qlg+ObTet9wsbE1DO2L2/5RBJW/uM3jYGOqUDm54llV0Rv6gOumSDyFpzIPsm/1az7yoeyMyQ=	Ke43QrvspWckWsMUIiSQPEkhNOnDt5FSUnmo2RHtFMrby7mI7Zsu5UWT7cFjhC2as0Dgk728VmmfzNJB5d4yQ0msVMf1uv04	\N
dc33504d-3d85-4445-8f77-49684534b867	A FAIRE	2022-05-19 09:28:05+00	\N	29ea1d8a-dfb4-4b12-819d-9e51427b5a6b	2022-05-16 09:28:43.333+00	2022-05-16 09:33:03.757+00	SUeT+Z4okdGKgu0reHoRbgPZcJjWhsiM6sHjopzi9ajbck8uuANZtOY5ZkTdD7CLoDDt1MqUg+Tzn5UJ+zIqRaCgzUXNXJtbYGWfNboxm5NmOaRm9/NYssVnxTFgIYp9fTEVTGcUOcbTt8+NN8NEf9hrEFu3K2/V1I2o9TVG2RQdq3Yo56RTBGdlvS29CHz09cTHUp+GD9htwTuvUp2oYArADpAXsHY4gJ41bQtdNEifulYh0QHvEHgBmimNJcboGLludMWMqX7N5W1RcuRECMt8xKJ+ARArk9Pc1BFBFBD7IbMEGcRikwahr1yIKG0eS56UqWBipSx0G7vpc2P1B6oiVPbJ/0FvkLP675WGd16ci1ySw6Q0hrUrQ5RYz7y1pvwed6FPxbXVxpYKj2CNwaoXAlNsPO4nffsJJV1dUBS09IS/utwXBHmN2swMtP04eQiHFhzyBXyGjiUaDJxm8gaAbSM=	K4aI/CK24yvwYx1NAurXOl3tmSuPXmuIgDDtHQfk0aZFlkh9SPCS6LaR0xmsuNTWYf4L7MoQHbOyNqegRsXl6jKSqazV/0cH	\N
e758d7ef-8204-4c9f-b329-f2a539634159	A FAIRE	2022-05-19 09:28:05+00	\N	29ea1d8a-dfb4-4b12-819d-9e51427b5a6b	2022-05-16 09:28:43.247+00	2022-05-16 09:33:09.234+00	MenFeeZpyGUUBf/g86/qj76B3Dr0MzaTeXeiITDQB4Q2mVJpMS0tW88JIgKxYv9MZSMICLVwqKcARh5Whv6MfyiMBlK4QJUGu8X0cMqrMYVoAfLf41EXgGP4VGVL+bfu72XiEUuBes2GwjB+/tXRURTgkBMh4zF7qavtvP/6fO//EXS3C6E5uQ2yc3QFQ6jTXPzQ5uy5MwNkTn3hjrcQytOoU5m27aiFGsm3CJT9QR4ZU1aFQjCXtm/WRSnrH7TAi6VrekdCFjyXI+POlghQLPapP5hx2pb26g/XaDkos6pwbx54UtHgV3Zjl3XotoUme1sv4vjQGwsBm2HD+2I3TTve6xDnPViGf3FMvvm6NEC/yzPny1YotIf9eZ3ERqIKa0Vy7VCc+K2umOGjwG7E6LMq4oIkal8QS8A9NzRHiXOA28+VSVScr4D3lbtuhJ5HRLG4Ze+cY3ioRza87nSnkYCV+nw=	HmPsEHu+1kMnvzSal7C6kKdV10vqCQ7udgmNABfEy82KR6mtnr3zFz5UlvUdLJu52Tg7y8TBRbVmGZdr/6/tKZu8+PNo+GLv	\N
f1df5adb-2d9f-4878-b2ec-30bb5ad7c81f	A FAIRE	2022-05-19 09:28:05+00	\N	29ea1d8a-dfb4-4b12-819d-9e51427b5a6b	2022-05-16 09:28:43.078+00	2022-05-16 09:33:15.656+00	e6VqQxJYbUGs8uDibQq/CDobp1edyFYZS2/psEPdjzCRNP/q69hKGMh5QOS/YXsek6P9cLjmgI3ikIsOCv8uxfYRzu+CiP7jMNFIF4oynUYoDBfJOmtC9KsEar00VJui+Yo2Uxt/PECb0qZ6hgV5/QoX4pTYdmIDFn3DV3XBpcE9BaRGNrl+KqYDykBM26zipqIOwZQygVCzZOOseBN8OyPPDDo2IUfFqo478O0CITW/4l3ciyDcOx2OGedXpA9V71DPWmbNKwud1EMX0DoB58Q79hx6YHyZW7aHNpFMklBHxJ5tSdsCU7QRfSVm7uDfponGPgW257HYADQOCqwpWpE10oM1VIZRGjsrXTAVi+ZETI3SztzCm0O0lNSkA0+UP8qAptBdIwb+bgyew/jYOj/uxZhSOu/BI4MESKXkmjsJtTW8H3oEIeZyp2mP4U1M13vWXGGpZNQV5Jimef0TYH14vBg=	qrSrhnAsyBFAVQ7FvNsr00YvTvtaOGMXsIfNYBYm9wSMOKUm3sxad1A0pw0K4c2dh4sr1P38Cp1rQg3tXHj7J4nTAmhplELI	\N
a1a9f72a-47e1-4a55-84b3-ab97099b6228	A FAIRE	2022-05-19 09:28:05+00	\N	29ea1d8a-dfb4-4b12-819d-9e51427b5a6b	2022-05-16 09:28:43.163+00	2022-05-16 09:33:22.721+00	XwZdy/cXC0140M4c3B0LD+hqXt5r7ecv9jrcouMqGhbWxpnB+ypQssdrYPXjrZG+FQcikbxfZ8+v7qnUTljl11eizkgnjcQ7nO0AfQohloSjzDpbGBw5mW4RKYgtikXIZIrHc/nk76SfxpDmzfI4A962wW3V2l0bNQF+Y6gxbbg2kFfsRsKsD7HT3gzdHl2/B4GkHLFxqCLEkUsT2ht3PSG1Dp4pC+f1h2DVdjEy2Y/OL32phgGjbEN+/w2mmr3GYhD66S08XyFRB4Q2J7o8BEJ4esK+AITpvoVuvUvIj6VEr/dbb6RTNZ+XNMqeSW/1R+/bCB5R4R8k6rIggnf2Y0G4GBxf6Sqz0adYu2brx1eQjBhQA/TKcpNgC9xwoImae4Qqkt+axe/W+aiJNypgyjDkDQdKDWxGU6XOCBTYa5TKIDEl8WrgX8M19lAtjdxD2McY2RNtjCKGd8ubImfnxLDuCkA=	W5oild3Qn9YWu0rP9xIFbI5MS6hIwngXpXG28oC7/em0gRpR5AzI7KiTOSxia2sZCean3HvNdslTgukn8/2mUXlxbtBC2Y8L	\N
b7a6fd08-7c24-411e-89ca-484295e3c254	A FAIRE	2022-05-19 09:28:05+00	\N	29ea1d8a-dfb4-4b12-819d-9e51427b5a6b	2022-05-16 09:28:42.962+00	2022-05-16 09:33:28.667+00	6+it0WNNoZ9a8kfphH+SSFWuq5IxX8dvSZLiyLtMh2b/k2uTKWbxQDU12GphA6ZtYCOW4mQutW2LXcwXLELTiT9TrDSacKs+qiKd7AN+xEkIkczuwqmpWTiFJD1xw/5yc+fRUKDN14Cmi6GWzSK691vz03q3emPiRN9x6R8UHn/DrvvyJbnl5NXiottXZYkwj8IKH98SZkbiRbTUjHijK0qQBGfHL4MIfMEXY8zzNRGfFHKxzhXwAEv899c4UNl3umlW2jzFJufeHY0ufaz6JBBsMlEOCtAj9dSASvjuZiQQ1ALt4KeOv+z8Vb/wU0ppymVWuH8NPSoU1clzmbGWZ0yv6KRhUarS0Wh0SpO1Kd7ykTmM/emtP186/ueKSKm0lTy/5dzGQ1YAMc/a+gGnICA08R+DL7zduFSV9IhIAMFMqaq3DLq4UH39nd9uSnaZuxDfQe2OHOzuh7GOEdISXlR/Txg=	PeAS/9xbx+ECNfx2MBAbRkeNxbRRE3fhOdHFD6rVx+vtzSWJDpOG2NAUYbw62qBvR8AMuyR0lt2fZVYh/pMgioQljbk7tVTg	\N
94f5fe2b-7517-4fb0-8cf6-1e17d7585925	A FAIRE	2022-05-19 09:28:05+00	\N	29ea1d8a-dfb4-4b12-819d-9e51427b5a6b	2022-05-16 09:28:42.727+00	2022-05-16 09:33:34.867+00	oi0JKuqy5QsiXaqmFOiwJ/PsLBLFNefaeSA1/Jam7GXoH09gPn7GMT++yUPi42+y/UwFSes00lAjmsOueuwfj3lznY4VP0IIkia/iEm2EjUosQNp6qJeAs2wnHw+In9CcKnH9cHpGJrrXnnivp7yr/xkwW9QyhCeA9Gmbot0nB5rLuMAz3tsziZfjzNeZ2gZuL0bV7v/CbwI4Lk6HtluRcg3jhC8nSaRUxd34vTs7Hbb/Cw1/MQvR+x02J/ZWRKg7QGCYA/XCPtgNoHYMPwRxE/y28Rt9ZqMP77dyic9Is1ZlmBFkIw5ecAySp8nHNn1aZ7z34ffX6I7nNgdV801izXqIoi18qFaBOTOHYh0nB3pF7FwZyLmHPBh5/tbQZnntjqTFwbvop2oToA7dqThkJo9Ub3NAQA8a/IUW7T0ZUMrtzJeJejCW9qx+6uONKmoiSSoG4GXTneaYByANoUOyR7k3Vk=	CtzJds/wabedJNS3MHE0ZJHI+ShtW44uRAbNYL94I07MJ0k6OBvBt46HenJVymHRI1DpMh+rKZDTe+4sEVZmO7O2PbZAJ0ve	\N
\.


--
-- Data for Name: Comment; Type: TABLE DATA; Schema: mano; Owner: user_feat-pen-test-18fpoe
--

COPY mano."Comment" (_id, "createdAt", "updatedAt", organisation, encrypted, "encryptedEntityKey", "deletedAt") FROM stdin;
488a8f43-b0a8-421b-9c52-b87b7c3dbb8a	2022-05-13 15:04:05.382+00	2022-05-13 15:50:05.868+00	ea6d308e-6956-488f-b299-fa0b2d7e37b6	/VBwguDVnnXimoTK4Qv9Y7XKLVFTqdtE4yXuFptQNTA4l8+Go8mMYbyZAD8UFxz4VxA6yBvoVz1MhD1y70+YkbZRZoeQwEKL64tIJKEOSTgkaqEtLp0dlFTDhA3nZfXNmIW91kLSrvnGVv9GW1v5QgU7Hdv7eobh5ytoz6hPKnH4vdmKmd+Mb6/AryA7VzO0E+dEAFgGuOdzRjpJcXClw5llmUpI5l4ajjCnYfbRTXPqpHyKvrfjp1rTjpz2KlsXih+36puA51TWR80WqSI1E6ILXVf74WJzPlueNCQuuvaK9pm9XmKJO0dAWxS+mPXUx2eiIkrhfFn/E0El5z25LHv/DrrHSARzJ5UuGXEOJVcsg2Ct8PrMp+Capq/p4PrwulO68B99ldYJN/BbK8u3a8Vhm4JbeMhooTcnGQ==	q3CidFkmm8Z4zAv+wsSizEmLZ9WelgWxtyjZRBNi8jPhje4l/Tmc4mlGSOgb4c0tSkBQGoGP2uoQWChc/bJ4ALwXH1J53GJO	\N
ba59043c-8b88-4424-a6e3-32a7ff82ae3e	2022-05-13 15:04:00.083+00	2022-05-13 15:50:05.908+00	ea6d308e-6956-488f-b299-fa0b2d7e37b6	cieIiTZWlxKnWbnYr9rFZC+rv7FOx03/pYnhatQqQ/F5Ii9if3T7mQMqSS7P8s5bCjkpLMQpHEds0yrbMGDJM8xen5ZCB60uQ8Y1CzqUvrfGRrZfk2DmIHnlphmp+VlSkgy2c4PdWysQF844PZWZTd6gSy1Mc3QoP9o+DVa0lzPAJ/urA+4fdYVFMN+LFUGT4zJrM7fxiUj9vFTkkImN66sehdar2j7lvUysNddDccXi3FfF1X+A2Q4J72YabjwZSqJmxPYlyhHekNqpSR6mTr2xfY2ljq+p0Bqtq5jmq2c2Cxeov1iqpCSgkcjf+HhZxbTV4Zpvji8M6z7rXLZl+ET2e2PKM3yQmx3y7O0kypXqao8GqaI+d29UeHwQs/kAWlATVXu3OOHvavCYa3rND0hBpsCWGdX6MNjsHg==	M+gK3dLXGM5STE7BUyWkkUuVW6YNZB8FYsGsTBsq6w/4wS452ro0J28kZfT3OqiKjcaHoa1RJJE1QAxb72H5l2y350cGmoI9	\N
36542a42-a6f3-4b7e-9913-4a20d97cc833	2022-05-13 15:03:54.924+00	2022-05-13 15:50:05.91+00	ea6d308e-6956-488f-b299-fa0b2d7e37b6	OCicYAztGAWXPI52bawhBvMCiRDtNf+LXD+43EPOKkPougQQGhPWAm23R+lytHNoG2BJmOPKxvFFWYlCkzOHbH9Cv88hBt9/mHxk1zSOQQOcF7xARW6EzXx0PGVh9P7lE4XmlLh7+uLhI74NL2FPzMGJMUELu3brJnhCxyc+AyKOe4vMbu3ZPJhLVZrIayWsLfDbok9KXDOIySgntzB9jR0lvEZA+hPkXPd3Un0Dt2DEw3H15KokkTfBVH244IUfHtfwe8KgHmPOD1t/e+3F5r/i840rtq3ts5ylWG7Ix5cAAZLM6/XpskuW4of4ojPVQ2N37Mdf5z6EBvwUm9VTa6T+Vaz5uj21wbseA4gRBtEsELcfa+eAh6+Y1vUhmxpjRs9cc7T0X6xO3xXi5sYzFfkczj4r7Pd7OhZNAQ==	Mtjq75v23HWBVROUGM97lntN6JqWY4hAJjSppK/rKoesgkCWx9Qu7wqdMew8nM6ckhCeUKub7RYeEriiSi/V1n8OdX2raKBB	\N
b186edf7-a122-4286-9a17-8c3882aced5f	2022-05-13 15:03:49.627+00	2022-05-13 15:50:05.912+00	ea6d308e-6956-488f-b299-fa0b2d7e37b6	/CBCXMP/B70sWXYX6ufnDh17/zksGlt7nPZaLGT9oEZ6hTRo3/FTkhoRrgYAAVZaSQvK+7Cu1u0SmNaFIQ8pTa4zbFWvEJ/JZ6vJerS8cXyEUec7sXTdNvoMfvAN1rfBrr3cPzLTuAVW7Ys5wvRyK26lHh+HZUDXGZhTtE36dU16M85SfvDTu0ZuJiqDGqngAY9BoxvP0JWDYKVhtbkFcmd8BHdGbrns60cbjD7sL5bSBlhpa+Pp6on71S6qz0C/Qpa1H8cQYI6GTQRJWFBkTdPgIImvebz5d1sa0/XRZ+XjmH2eqdB2DM8mRjlU8MDS0EDbZvAcCugxJ9BZFeBeb5WXwLk/a0FUGJ80IU/V70zuPl6G8El9YGLUniwRAqpwj0NsUWDbRxoPLsOBMzJN+ECSGMCTS9R7zSXH0w==	ApSCD8Kbvh0sJJZEOgqID4yWbPJ7dj4D7CPepZYE2gC7MdkEbiUOrOoPEB8VOb1JjSgYBktJt9/1MXwvq2MFkJLB7v3h3IM+	\N
312c9f3f-4a54-4cc1-9a82-7275455294e9	2022-05-13 15:03:43.404+00	2022-05-13 15:50:05.998+00	ea6d308e-6956-488f-b299-fa0b2d7e37b6	HiQOaMMttULUTg1WW7DvgKCGfPug+ROiNQVbLJ1MZSMKjQesCWohr820QQIzfSPMlz7n1aL0xVxHyXnZNpwOElny3TuCzrdMQoZubQNMXGGXgdOjdtuj/YsnvNOJUris99QAZGuxwMqXPt5Yq9wjO9rwg+Gvdm57JlsG8tjtqlNpG9ThoqMOREPJTVdhLSzlZQUPyA+sXuEsWnkB+KwSh1MaPGb6LIX6knAqmTrRkNUEiDPTlsupYs0/kCwn/UMFr5KltrYAtu30OjK7aRGVbXP4MIdM5paFYE7j0GGEkukEp0YPn5Bd9lnD1g3vDC7recHZpCaQi9i6Vo1K1rgp4sTBLQxEORx0jkd9eCRW3wNkjOmylgBCgUJIN+KUE8+uXhyaUTxmjluxnnANSCYp+mO3SMe12I7heIZ5QA==	wp0gyhqRaQsb28YCFQ6sqcTMABUmJ8/R0NDl03bmWbyY7jiFlHohxSabYhD00iJ4+nsoTQ6MO+1MDo0qqZebZLxnZ9evhZ7D	\N
f70adfe6-4692-4cce-8e90-f34eecd34065	2022-05-13 14:57:36.932+00	2022-05-13 15:50:06.001+00	ea6d308e-6956-488f-b299-fa0b2d7e37b6	ZgK1I7ENBbLDYjzg7yEv2cojSAjuwdN/0vPt/TbG4jLZECduLVuqQlhyakK0lrZ6NLYdRc2KNahMU7KBMpYdrQeZ15/VOQdaoVqXZAGei9FfgLY24pAoSK6ftK9mtfBJ0LZPYBLYSwHWMrX7uXWWYk4z8JWd2hSyCcwVIULlShfMrsZ9mOgHA5iAGsPa4BQ/m2ZZJATmkNHuo+bcvZNBDeLuN0mobYas9rY7r7HWcBKOmJPKWcXpGEjLLfa9pWD3Y5BBG46jlD0fuZfoBAjMawYD9pKYdCwVj+hRK+RKqV02z/aiOeaiw00q7oIOTcQnyVnkFx3kK7irzsubmZxgEcqlVarstyO6O2iFPRtDWBh3ghB32Y+PiSoGAkTkGkAsl6YHqD+zm7/rlebHG+OnVLiTajFPfZSNeviItJkXGk+MbjN5CIoBbK5tlGH8dWKX3jkESWvCJoA2eTb6iFi0StKgb0OXvvfY2AlNHZIaVTgpoU/UcAcIeUOfPkQyfXFmvK4yWNJ6l+z9OYfSTwbtuWo9n48ssU0/j1GIoKW121nFFAnqt2h9WRJLgwdKBFq1qLVVR59xTpUEUr0LdBQw7XWxE8n9mJWd/PLhW8rvl+9BlmF2ewkw83I6CICPYXbCJUa1HKK8CyeTC+6WvOEFGMZNCcBOExoF8b2zMp1atXs1pwvJxgqwD/fgHAZFux3LMYrHP8UWB2/XBtVayoL1wuwHwTHK/5EoOEbVs0sXLFHODk6WneC4xQXyA4NTBwch45zIDphSaM1PPG5OO5lbNnYBGxzVee752B9rwzEC6HwK9wFgFFQt0+WFlgRViC7kbYuHgS+YKGFLMw9rScAvdUv/i2I46iUBJk6AnbjXU+x3mLsLl5+NRvwWylAU5Rfiqt3FnmqTXnHtR1FPsD4qwU9i8h8EwfHyryBvTnUv4Ysr9/W9xdnEoWMse9+VJRrnG94ZCkh4WlX4Ft2hiiZOn94NLSjdGas2675pK4pq8sSO2Va4OJSwxATE3/XMlxNAk+hzZcLfgpGYFSTP6cULHOqQzjyFH9RHEBYErj6QgDIi62zhW6CXQgGaxU2rf7TNs5X26OdrVVMTL4+jYcqd5XyWwAkhyTNpi/rh4kPF0Rko++pIOdaI1Y1gTCnceUHMSyOUQtD4agFAJHKGX0HqddYgljU/kFWhh76MdRCOuyinM844tejljDgNVRnqqItSwIeQ/OQH925zcxjFWPsjgHeBbZc2rMXEVKoaJr6LbrZBzVt9x9kNnKNhtCIo59g31jO2kLmWHWJxNpkJczMTNF3DSiIqKYu/FFOkRt1bmNB73MooQDBeTqzidVHL8QFSIzpD8NTpRrgNM02veAJnxkxw6a4=	oQolALx0K89feCda2v716FLVmwNMPfdFi2Z6kUq4HXZXT5LNxIhtXiI6H9PmkB3JZTTKmHgBCPb6kdnlFwP1wVLkuKfDx2cf	\N
3baf5fca-be69-43a9-b7a1-754a934ffa6f	2022-05-13 14:49:16.912+00	2022-05-13 15:50:06.003+00	ea6d308e-6956-488f-b299-fa0b2d7e37b6	fdYq/DrNHh8HQMW7efirrvjplLdGKfD89e4hKcbAR6EwH1cCPRLu5/2HwV2AeXFesysQbpMMeZNxi0FJU08sHnGIMHmnvN+VBQuZ2b5P1lOEbr9d1e1H7hOPqKlC8S7eGV2+GtFQPB/rYUgiJim8TGMT5TA3c1sKbw/4r1cAo0sl+/O9Vim1wcbe+50mdtmYfxfyOGUbp5xdNk23yXeYllT5wkfiP40Dc1dcuVPRgt8zZFEFq40Go8q2FlL9KEQZAzbOpwGjr0644zTiIbZL41zoQHNnmDyOfi6wIF0Gw8d8tbu2NSCXW8480Kj0TGjArti6rZ5nNeXZHhV/DU8bhPV+ImpcltobXIsVxXu0QKV1jbTWf4tYAHY3In7ON4eGmfU4vaHJoqHqxzf1VS7tYzDkA89ZWG7Pt9LwHS6gLPC/9WzLF4vlbsxxl7kQ5r6xhv2sZMqXJZc3XBLhO7z7djVUlwxOrw9qx2d92vMimLEAEPl12RDrWgyKlJHEoGzVQTmDON63369Blr9mRsN06r8TcEwJQQILeyJacV5I6Hji21ECFLW71xFwWfeJlqYTkUH9eIUvVyKHboesJF2VATasIa8DN8YaDkZOkH17Jb9VzsdMWaHFA5mqZ70JbP759fOZFfPT9YxKPZQFAAGdcgWffG0LCRIX3vbyQWKCOolKwTVQSrivH02a8FodHV7JQh+e00w2I2npE4Gor90FXysz9VolR19DSjCGTfxs5UuMg1hucyLLtL4EKsVj2m52hKTZtnAZbB/69ovC6qCHoSlMkzKae2DbGLq94CSg7jbVohL2nBAunTL/gaoEx/KHu0cpj9Hiszsse7o7f95geXJfthi3CH0b48twHXmkpzRB6U3OWg3zdEZmHRtOAEquxlliS0akUYrtqhHilBSefBDz+k57550Wgfc5TlXCd18vZmCW6J6/PBNmJB3P6DgXlH6PiTnn8oi3AXciXNqJBBB89+nteEQRGzP/R0Vnf5On0aDHuRVUYNIoXeT7bIFMuHJ6bOpyUnuVesh/sBXBFLPAG8s3xhTeePn1gmo2SsSsGiZCqTYMkt7zB2nqcQytGCbxWLdosqsAXF53bn593dntZYMxRC5fJSMASt900nsomrMbfZ5CmB2NBb8/pyL5o0DHStsYb4Bt6OVdmtsi3P11wSddefe3SXGLJhgCqDUzcPN+no+bkdOoLfHQ+X2iF0jvfP5qcJXl0MSKKN14IwCoXo2aT1fxI6BrpjvnMST6Px5WpzEeaSvpfU48TVQyoSCqFYNA+6BwiNCZTaGtL+JYHH+D2N4WNhB4TXzlXwA=	p6v49zhCtVI84JUTyJKCoc2LVJbSxfpzJgG12R34/c4bH+iXrHPw3Hgp+vIRkz2z/OgwcM9HV1UyKaVSf/tNzCTOhf7cT+rk	\N
093106c3-f42d-4e91-bf74-72da0e1465be	2022-05-16 08:41:42.73+00	2022-05-16 08:41:42.73+00	ea6d308e-6956-488f-b299-fa0b2d7e37b6	fTKpU51fPdLQFRQAEy+1xP+5dWGJls8WF8CHlYhc/iZ6mbquAXKX6FI67G6PqpiXVRM0KQ5u7LxhKRoy9oCaUetFFDxubRrwKFwlwv5zz/WxDdEGey+6qnWeESF3xC6IA2MSgD/43E/JYHraE+0LcwErscvg3rOXSA8EzA1seD/gOyeA726xHFP5Sm/DTsEn9f/2oY/P0xMhQvme0ESuy3JIMHjgmNpVTIrq2lZoUvvatOP1/wxFP4IdmGh7Yb0eNje2Opc7bbZl0pH/U5tK0siB9x2K0p+HZS6rEmX7D45MEkCCPkS6IHMjk8dJfrWV7UE/lcwwBbudamlqmGD4ipS49AI7Cw3w1qsGIPvWb6hGqlaAE1BEkzDCJzzZMQiq6U3ZQzpkU/pYNYcNdAPfWegghE3m9aIf/1gPzCM3a39zQrkvyIWEEJ2UzexrPoyMrMCJESRb5Km5PQ1tTXVar2CYkVr2SjkcHnJsrv5yXzX0DO3KYPUEZB70zJGztdEL6m9tifTPIWCHTUILhajyvziiJNgLJSkt+1D/SMolcUq2r1ZVXlyKolGY16CVhfUI3cujG4qq7xDq3tUkNgAykP4tedNE8jDwst/NWTz5zaiW5cloklmJN5ZON+7wtD5UZLzUieYNbqEkpmEDZGsjlRNCXBmxS/9DqNHpeXYVyQRyjmtG7jz/MuntOwPQd8MMl8Akmvj6qnyzxfm86DkpaFV6alXoyk4dsk3QowWE3XhXpgkvhSb4lXIC2Rcv1xJggxOJIZOxpWaS/+Kxcnn0CDwQHMCI6svlIxtlk/cZH9dH6X9Ub0QsMr9fRa4JJOIjagTRDYx7EVQeuZ/v2/Ji+LsO4ulwpZEDfGaHlrfg+lH8Obt2dT/NOqfSYNkfbLtX+hiSDQl3KZHYhVB7FHPsXKuRNV+7ZOVuzL8svlj/K7KYWb9uJNiJGWyf6MQkBf1BVyhP+SxJSUG7ZVHqqKk61Yvx89QY4zDMGCTkbjb/LtZhFbRzcaVR/zEScQfMRo0j++vJwO2WukNq9j0MnTf+KLnpN+V1i7NSgICkUr6bVgX9t0y4L1FOlxf/RiBP5XBxkjOmL88CfOuTaJL35gTYDmTL6TutyoR7/GepbiYaKtTKwspnbkJS16hdqbA/r/RH/wG/ilUNd217Tt/TNWu5G8KIXHZ6Fu+X3Es4AAI+TZdoDMQbL1kSeQAB80otM9D1JOZ+NjLPt7zfUjd/SU3gaUjXh+dbX9E5HiGcKXgIDsJmwFNQs85HFXBv2Bk85R4m/WtSVZCnBnML6c7XgNotdq9bwI1xPQFd4LLuqrrUQmXkl2l0zI6NYXfQI8SNhy+p	tD84NAvj9ttUXtF4Ckuveo4zoVVhgdq51sUjywwfaRO86W4NEyT99Jy3N4wpShMFEcsbA7JsUaHLvqG5267DhBDIxQe3xs0V	\N
841f53ac-2d7c-4f4d-8372-54f177d02020	2022-05-16 08:46:04.861+00	2022-05-16 08:46:04.861+00	ea6d308e-6956-488f-b299-fa0b2d7e37b6	KRhZgpQND1UipdN1JvYF+l3ccWMe6GtM6yGVMgV+RVKqnq7nqQlFZ1oFnB8iybmrch/H/eZXqAh3Uh+tfeC4GzlVemNx+dAYz/OROCiS54lmnRvVdyfs9PMRyPjVoeRw16sSWGz5NpAZi59eztd9YdweHvDDnICRxMzcUjXQ5ev1s9+9Ht8ACHPfCIK5JmSN9y3N4P31XpwM8Cgv+W/HtsLP7uWNLHM3XOwtbXyUWs4mfkidZcQGxZPQfIsUQcE0zXklPTwWc1frZmUZF+bFT4IzBHcY8z4bdUtsDiGfGPrzWTLg2+6GxvV4KwdngHQ3IFsprwlX3ssQiPVTDKl4Q1P035j0crdVGZC8aoZ5qtTrOe33fmIfJF9DmcPQpj+wJVbUW3voc/lLZT2z9/vJADd7yY4=	vOqvD2UkszYwYa/BNibAnFaq16IwFbnmOX0SAg3QmXhOzxdbSUUg/2KCOiHM0H2YTucYgsjhOHRviSmA+sc7q1GrcDmqf5XZ	\N
a88024a7-694e-4700-9dea-eee43e1fdda0	2022-05-16 08:46:24.723+00	2022-05-16 08:46:31.899+00	ea6d308e-6956-488f-b299-fa0b2d7e37b6	ui4geZ4V9gMuDWBoaJxo0y0Yzy6jCyauXMxrSzfi50SEVizxuvfKXoHa1QSoWpeLO6ydTaTvSy4f+79sXqF19H2BnWt9vqPb8so0/CtdX9hsN1PnADuREy0W7Eld183dhzeo9KBkKkubN1Rtc86uL5gQfeyh4TIuPzynngxVrNpxvdPV9UT5ZrpI7RFzg9AAyu8TSzxqthQn8p2NkbwPkI8lbDwqr2A42ngZfB6pZ4szGtdB4IWOaidaMa0gAe7sFnITe10EeXzIsdDmyiCa3XkhNuxaXu2RJWA/eI3wK1seIuQD9ql7GVta+aBi2qc53Wd/t6phA9OFMM4KM+HqLukZl2afL9FNBK71QhiUDzJLdwXJHtgmL4kN9Mcdf8FKa1TZzCvDrBO4OaUyLLQ76tJKu5n9ZP6tyHZq/xdL4LKOgBuCv98oc6Q0wupzVNNwHY+0Rv/kjIw=	bZyH/pxLPLxDU+VWLcuKtcMyqgcLYHYzNy08DdhzikbJzAOsQG6xNSkV2Yc8gjH5mthMJRUK55FPtG0XxCru5ePZfhAYEg/r	\N
368cd7bb-11ba-4909-8c98-b7b9896fee40	2022-05-16 08:47:27.184+00	2022-05-16 08:47:27.184+00	ea6d308e-6956-488f-b299-fa0b2d7e37b6	Br4Kf9q8bEe9Q/6rc1zLF/DfS8+Bc/J3GKI7B9xDkG+3wb/dyVz/u2l3kIRoN8LRtpitH0R13qFlTdKu0ihnJniDzfcJiWumDl6XFMV91BKnnY/ZtYN9KacndPx/oRcF2UlJ+vB2JrqHSfwIFOOnHy5oSVa/2VxI2yMO+5LUMQfr4L3AOqelqrTktKI4seo6ZEfXPOzLtkrJBXH1QtHsSEyRjTb1+WmHTf/57sPPAMG6EcNdXzXBH7jONZGRFzCwz8lRisxYpLB655dpyc42G2gcTZS7QQyY0kOLG0qGXrHXQ7kbdKGjIKTXz1fVrbj9Hqqp7W3U51SDzTjUC9rBVj+vveCFNZ1nBnzK3bUMoV9Gh+mV8QeVLRR4flCqytUQK0azQB9k16XAG5A87N+c5HSYalBNJEtFjgSLfRd9f22qpVjd6Uitb6UHppP33viVOgp+6GA+GGUTGpJMc2dTRPxPjmY4g0eFz04s8TeXYOSShO7g42Q+leBcbebiATSs1O+OjzVAVtd/eaHfqv/GSONXHZTLrwiW0IjSnQ==	Xe3ZeCfXJ/5HfABQN8iKIJDFutClFlxKrpFN4Cek5/BuPLz0SSD8N5ytD2+EKSFKABLT9BxmQYFf8sNutoljcA1vuDmGF0fI	\N
27285cce-b455-42bd-a349-e27c415a900b	2022-05-16 08:47:42.705+00	2022-05-16 08:47:42.705+00	ea6d308e-6956-488f-b299-fa0b2d7e37b6	jslIVL5WDIsWQbeLL52RSK2cvPijb8xwTrPgOm+i87O34ojZYVXN82GdKlNR1ZSJKHUMTjMz759dfdU66zz3R4i9Z1XedgICO28TKkOV8dSNTmFufYpepoBihFg+j2CReeOrXL2I40K+sousim8M8k5Fyo7X73d/n7Qry+u7QDB2S9fdFg4hTAcic6SKfuzESM2x9ArDfuN+h4PFo6GhmSTjGZfWCjqCYmUkCqArNMxdfNXcjuTSpLBt4Q7krc/a/8BK3fiF4ChLZ53yx5LnoEuIJyKvZcV0DNHHGvg1jgzFj8g7EdskEOtEfFJ/yY2ce0no2i9LqDFSOwoWi0LusxGx4w2qWkEVD4ZJ9Y2vA8QNzJGkbzQLFJ3qKo3pvqn0TmL4MVCwISLyyrMyFkXJ7Q==	vF+OPWlFQW/nWMWj3pO65cpV46Rk9uy0KGFte3jqGQrOp6kufDz128eEAkufTlAs1+Dycr1V71IvM8QpjiUhzqRErhvrdmLY	\N
d0ab99d1-b564-4a3f-a4d9-d917f5b2de2c	2022-05-16 08:48:32.995+00	2022-05-16 08:48:32.995+00	ea6d308e-6956-488f-b299-fa0b2d7e37b6	RMlTa2ZMlpDpXDisQ7K/rjX6oGAtPpVpFo+saMA7KRP3m3ndIucGD7y9hRDwP1WY451rOYQP6hiZggz7EhqBjYHLAdiSTvJxsNYxz5wTkuNd/Jb4Ki9rmKZQW1PIFlg6mPuGK9PcvuWgWLJYQYtWAbIVkm3het4EwH3pRRGxJKR6z3eGDp7e/q4OpHvoykH2V43wUyLTwUK5EoyDXNZ0wdyuKBRKwAriOk0Xpx2M1ysMig3KLIxT2SlG4Nl1QvHtwIfQvSiCiCwHwFPjATodhsr2c1t3rHo/VVecc9VWSxp9ou6xmUIzmGrmhxQ2Oade25uQ6RnHJl9kPRaxTrWWXR6Gk6GiPMeNv76l7scThc22E5X0s7qjjmXK/HcdbveMYtNdVAE2wa0cwwwSIIF95ZCTwAO5fMmWmuAgrb5TWzu/1H/5Knn4VDfCGjWBwAoQTzGuIuxv6JxaDlFDT2mMr41O8/T5H720PjYXPqJYs4w3nBxwn7T+eF6FR9LcKPu4lCtbH6diF2ON/QKgCz29ZQsKdkbJo3p7pubW8tJjbuhyifFKYKEfHUrbQtqFtoY1X5vgxzOYkR5S2ZkIG427KCyFAAc40XcsTVl4qz3MFQs=	SRXpwBtskrCrOS+5rHPvgyp/5fzdEFKeCfTwiyEuUHLXbMs5iWWQNwKsoNHObq2zoCbcg3aY3KM5VI1F+fqtIDJMOGxCC0/Z	\N
c279be20-e9a5-4350-8ddd-c2bd91667fa7	2022-05-16 09:27:53.642+00	2022-05-16 09:27:53.642+00	29ea1d8a-dfb4-4b12-819d-9e51427b5a6b	XEokP/f7NTZG8ou7l2rVhng8qXW0W7VjQS+VkwMnkJnjYlgDhCDb9FPPt7IiD6X3KsL4oZqv1hiPAtU22xHVYxCo2S1nvx8tRtrVE/V6QhsIGnESH7xozmDhqKbZSoDu41TV+rUPqwewU4JfUXWc8EMFEsJqlOysRxkPKifyaKodMYv4uVN7vWJ0es9iwtrAYs934XykXRLAMhJawaZaFaDE/+Xy/YZ8nww/taxM8s+3MJ7bY9pxsCfCuSokXuOmN0o49EySakNVuCRYwosDmW+aQBfiQEV3EAVD3lU/4j7a9FExK73U0cLSMNrLTsvQ5yft8wOotcU5IFCoFbQbQZL8PKgNz/tal9XnLObHxTUXGvBgcf4VgoJ6xbivoifyTLhx8nasfh5bmo7Q7VKqy/ulPRfz7i09QfvyFiJDZFfkG6MoGtaWN3UYa9qBiZFBv8IrT8ti5LIpfyBRrCRFSz/W3nzv+sVnsdBqHfzqb5TqHBIm5BCrEn9AdypQtI6GVwzJi99e7eXcwHmLtEKcgpIL8rcnqg8kB1C1Q9+jsdTH0eUQMPQgO9EUif1TWQmXADlFyaOW5UrYkoNoMr+KhSD2HqMVM2Kr4083h4moNVk+ekmhtFzEQ6dcsYkCS9b499zt5f3zagz4eedCuIArvTXZBi8KghuVWtFHFC4SYKv20W8GBMzRTGCdjqfhmbkJ99G0Q+92Hfeko1Ela0Xeqr4FcGBjXBg3PT+4af6EOMeP2t0gJ9U05GPV4jwdmnK/LOnjpRTSabuDjzQpTdGZbgvyKkr7naSIOC8vxBUymXGAoB2LJAwjgsB6C1aBtPQiocdBUZoKIYmkOrsEUn1XZNIhE8J+rG8LwuGIQF9QGV2Cgbqg/N0k90ERv+AMtKAjB98dnpKrriVBYXAoFQ5YXLWxt/wCBBcJOCmHfswX9P+8h1Z3vU1WNEPCCSyu1L5ujc+SsN6vyGjq68CxNI+PkbzF7/Y8/N/2mYLzQBVpG2PqEB9+ma0QSL1VNt5OnH1gJ4S5DnS6sZZevnzgHceNWLYXVYV1ei0PN5W0Lm8JsdRDDU+Ot+x7qjvCpW4wIJEyhaGwwdGis85STCAAtTuEzjs+SauRFBoSsNQt3YX9+rFCSOVyYwnSAHDd8c452cg+9MGhYNOOXoaIX++qtga99k9aq/Rw4+WpK/FV6RgZXQsHHBMNvPsZd7pBe+qEvM9i9YUujblQjFzXKi+xB0CLwoZ9SVqFZd0tTATVQyDfo9pnc9whfF2401trhRt8kN0Y5wH5PaJVcoRf0WCkCU1LGpbH97iUoofp3gteqQ==	hgkhnk8bumnwlR2vtB6CusMwjWzQ2nUTuMj8MDnH1E5mWVBOsm+2viartR2Jq4Ha7UhKClSiw6QTzpTDVRLTP3DGxsB/QuOH	\N
48fa5d7c-1408-4873-920f-b5d3ca29a7b1	2022-05-16 09:31:27.193+00	2022-05-16 09:31:27.193+00	29ea1d8a-dfb4-4b12-819d-9e51427b5a6b	Nb+8zQmc21TXeE4ffEhcAF/OYG6WuIvSCr4exjhhDthmL+b3FCKCt+3h0ib63yOUkez6fFd4QOQYAfFDc/9/OyX+jhwjIKfbW1LqZumh1BIHhkm7ekVtnN/3bf2jOd61TgOT+xynntZGi/rYHDxOJnz4aAIISoj22eJYl3AlASymute3DxAvTvXoyvrpFSFlWwjHlYKB74U0YnLKLH8QYrvw13tHbRm4xDEYMJWA9rRe/D2/3llHJdXQQRdi0zBXm0Gg/nm6pc/GiwdU9SCjInSmqoism8YN/dVJeg16b5GOIatOps9A9L5E7IqxTmlkmDsuwxK/h/e4DntOQGoX3Lp0ab56MwP5j/uwrQfhxzcY4sErnM4dPNf+dFccqUYMaNGuvscBb7TtyErctiIS2Y0spMg4pVWQoKVTQvFHvWkgejW6MWhtb6ZMPF+3AuAxvaTiJ5K2O1/devqgDns+armf11FlRde4EywlNaI9qMU3tjjNP6c9L/uV6sTV504UNaY2Z2k9dh6FLaVH0RgcM56oj5UDtiJAJsHK1xqu2hvq9A8nQwhGRIe0XhzmdbiAas3q7BqbQv8yES5klKcY58qeBQbvykbtDe376OSrxN2CMgCh4n2qTtS1GLJc6C1Mls1tAYBw+BHkbsFqX5D9ISJStgODXBQNPwoPfa/zT0UuPbLHYYXRX1QWirnMpT4+IAHoKqFpobLQc2B9Bd3MqgcKXwHDQC+wJWY0YoS+QICS7gP3h8gqni9hx9OZ0astT/twzu0gK/k0rtKw6ar1PXmvx9iwsG3VhB8F1IW8EJ/7PycEELcZsXv9f/r5ewswgKuKiTM3osc6etVbmgfFU2WIaDsbhpWk9npWhSo3b6SvGXqczzKcr3ee05MPGnY+vd5PdXfnEokosiqOUc41llBREFl/w6C+5QGkbp/Vtmxf8FkPeIifUBbZ29TIpiWu4bmyWw/9+EKMm4+ZPxesG2GCTmcuApjFT2K/Yjt6YDAeSDJT5YXLEYUwo2njaMGDWem96SFyziXa9jHHcwWg9UaI3NLE3vXexXHLLU6bSpjuiVAHmer9+Okce2AQuAHRHgwa4i5ZmHUljZK0VWpusewlv357LNq8M/Wjt06O/Ymwq2idPPloB8VkHGOABuE68JIQckSsaddo4AsO+VP7M9YfndgAi0tSwr4EEHawl53UsGfdJj64335iIkBdr/ND5JbUBBQKqHeNnBIIuFINqZmuKqK4DDo8eCPh1E/nzAdCAl6KNj+7H61q95iZkmyokOQ9Lapd7YwJHGFd	uieyi5+Q8PAQyN2eNmOp+XuD3Q8Ig8qbb6qZOj0ZXYzn+dwNVB8CahG+4w+DhUFpaNtUHiieySP4PTl6BA5qSQvZtJuVSYtC	\N
e52ba292-97af-4ed0-9927-3e872386b2a4	2022-05-16 09:31:35.889+00	2022-05-16 09:31:35.889+00	29ea1d8a-dfb4-4b12-819d-9e51427b5a6b	vRMG/rBDPj2Thleb2bJNwkYseOOPaZ4wcj55NmbI4rIcyGihBUcvvB9X2y2ykAiJ1sFc1if/sZysVSQw/ybgQQCytB4UrEvvyapZj2cLIkivhToTKvQG9dCqqnTEEaRIkXpoCcl+Ccgau5DgwVoDiV+FZ5umeKzmZVftqUdvwIqB1rh8tjADy2RzKTeQQvPFRmVeJhOpYziEYYU+8Habta2fMcNbLXskQdX30TvAaxkGfiClnhfe9jRo1dbkzTvdso5oTk1zwO43pGQVFu27ReLd1MWJf29YZTX5gMrMd0kl8Cpx4eq15luoeZl4xdhDd5MouI43UxqIY/aLwoSwu6FCXepZ/PfCzLR7yKTt9FhCLstDXgrHLkXpgCgHyruUPk1RPZ7uOklxVEOWVJO15rQTru4=	wldA9U/buSHG5mQH/a0stI0oicgy4ugl5sgX6o3L5u8p2MBp2F+ozCegVYotI09AyfILI2yE0Ln9YWoneDl09KV65Xc714Xa	\N
9a307117-8a18-47ec-a92d-de7311e92dd3	2022-05-16 09:35:58.384+00	2022-05-16 09:35:58.384+00	29ea1d8a-dfb4-4b12-819d-9e51427b5a6b	515N9OR/kVQyqD0xJL7V7Ih+M4oKwrnMpIpOm//p6C0vNWOnTjBHW7GTntqq3ZN0Q5+tBwqiNjVhXmiR9hEJnkGmIofeMKyUSBeEyoxIQXppPGRwBAjeJV8tUTwDKUHKMRZ9ubbxTGshkPp1cphU7Lwd5HqJ1CBm01onGLSELA84g/86uRkPxPNOOAqgiPBhTdPFPP2qkMpwOmkMR1Xpm7vbtmCFGoskP9FR45Tyd+2tAFeX8GA2foD3P3ijgmcoRYhAOWICicAyHi19dJ4juxf5mC8ha07okJMdhB5lZr2c1/euPGe7ZvT6zOKuD+jNtK3npXoklFjYnl9kLgzGmuMUTVeL1EhiheHxCofTe4YqAL6QyprRX0kHxcn091G/C3a0HaRBsaYrfO/IFR9UpZmtaofeKKcGLsa+F04Xjg0o1xpbHb90G7QOAmSXBsPy4swXivdPB2aA0ulGHN2BHQtfVbeGGQn7TPzK+9JeUTvQ+1m9zPJJTPHBEUGsbHBqgbSt4zFvpyegD8vAkLXWyktr0gojL7spoJoFuHBOlLYDcM4TAM1DDwWhy3SHKH8ox306c3A/vK4Xw7zDgYGtJRzK9hh1l5n1FvFEtpLt0f54QoIpOv3ug1AgOc+CJpE4vzV8KIJHnSV6qfUjShXNxdF+vNAXpmscLuggjYp8B9U7GnDYDnMpa5LYu8PLpbBFJdtIq0FNsVp/7gFRDvJvMDMStLSuek1OFTYec2VCVMN7crM+ve1xZKNfQ0P4G3Z6LPMC1mlxQdeP7JQ5eMkn0+9S3wkXTscY2Vd+yi2Wb5W8GHIxRAnfNhn2wu3ANcLScIytpSz7YwEM4ssW5m/OmEOEKNveJ3yEftBx11wCypsvQAMVITPEo2iGaBzeCfnJ/xjrk6QR2iGLnyXsiW+HPl7wfvZadl7XX7sEg9JggU/mEc8q2lcMz8WtbzFv83ThBmDiJ/jYbkRUcnCrgI087I2firZ3HmfF47yBw9c0IZCknGgC99fFyzEba2RnOfh87jDYOEIib8BGmjlFonrntBJ0y8SzdAkwqkSeR55cmstKszeBy0oTDXsLvwTCy3NZk+BeH/Mx1N6eUaRgoBxcVxyNfMTe4IHLqSDWhOsS3T9OfilMLW0rE6OZImg311o5juhKWimHLRfMkhe3Ki4OTvgTklSnieVf0h+K5WdITJqssBhId9NLJPCP8k3A5d6NJt/9dJ/ah04QA64mRTD/3kRPvskQJ2REZUquyq9s9z4O1My97QeoudeCsy38BIMjEfhbR2XNMyHnd40dSPgoz/hSeq5JGEw0erTsJ3fMs1A5cluRxtvwVFeHjzCV/YH1TLqWlw==	40ZiAQXLZK/CKrgrGLCR0ZfQJbe6HFlfcfeotLxrDJ4reqet0FWzzpQ4XqtZd6ccwbBLbd+7+DJ7hvHUbRHHP0uP2K5LBZkj	\N
\.


--
-- Data for Name: Consultation; Type: TABLE DATA; Schema: mano; Owner: user_feat-pen-test-18fpoe
--

COPY mano."Consultation" (_id, "createdAt", "updatedAt", "dueAt", "completedAt", "deletedAt", status, organisation, "onlyVisibleBy", encrypted, "encryptedEntityKey") FROM stdin;
ae615c82-82e1-4c5c-bd91-6da848187d9f	2022-05-13 15:08:01.591+00	2022-05-13 15:50:05.768+00	2022-05-13 15:07:21.451+00	2022-05-13 15:08:00.215+00	\N	FAIT	ea6d308e-6956-488f-b299-fa0b2d7e37b6	{0d8460f3-f6a4-40b5-b49e-4a1f37b57bdf}	ORSyY8UPzkhEFLClOMZclJSvh/fcAY0PkUMv3lYv5d31YBJHqDEVVpcIkm7uHhf70nAyj4uh1s+XLu7urgJCg8MMu8jOIazcvtdaRCgRk7ENdusHYEJupRxSIKy2yVackWYrSwutDA9fNR+kQJs1JgHrJ1KW/qeUg5i2a6lb25Fr2131/+9k5Hoc5P0SCIkqkbWO4NPQ+mt6YhrTLuy+mymvFj0iLiwl1u9/F8m6GgRzssFJRPILws0sXIbV0eQwBKHt9U9tgkukugtTsmFBSSCngVTnfh+sRRF9vpBkpgzLLbNiHc8yKF9W5q8HFAXylNmTjJwoldZGJKMLF3bJpMlfxZoKT/oY0ZzDPsBo+rAzlRAsGU60UCbtype54gES75Ke9JbkFuLWP+WLm15//+5Ep87/uq0ub0Z7DFaaziS1QmAQ	Eze1qahi5L4qU4yaSo5vQraI7jPwBhBROgln5TVSOdbHC7yoULd5catq7uxpZ0i2GRW26e9uMfwMRfKLHXThszKWgc7Em43i
5b953531-5249-4412-b755-ff76d9f3af21	2022-05-16 08:44:24.503+00	2022-05-16 08:44:24.503+00	2022-05-16 08:43:31.139+00	2022-05-16 08:44:22.171+00	\N	FAIT	ea6d308e-6956-488f-b299-fa0b2d7e37b6	{}	kCLDEjakhxtbc7LlLSDuFyU+Zd7QYWKbF9PwU/1umK9zXIBGniyNS+ij5WaGXW/vR2600cI3uv5p6rg2h+AfI9GRjkKfPQOYGgTWMFGd9VY4vdCBr5VMBwld9Ine/9MkvQGLpko9UI405kFuQeAs+wJ+4oWTctbQOOjuyRLzPH7an8kjrPV+YNVhQ0wk9L0kxVmyYjAiLqCQKK6uIRbsXicLVaJbpdkl2ci/U0F/6u6eHR+axAjpW4CV1xPghT/zdupOinuZhHCMuaMSN61qizHUEoPV6neKxLCUlJ/nAtuj/zgHzDXaxYcvlhpI901y1sh7KnmJCSVrXWHAAd7GN3xKQ7Jbed9spuKg6hIkFpboYyNz6x0sovSbQrKhVytozqLWftlwwz5uUyClFbhIbo13qbZNtimVd+mvapBPtvqPosZja9gUT8eqNvbgPae9oPWFFJFyONbifjAXTHKcAUSc7MLkPpN/LYuiZCbpkihUH0EIyYFtBmvcQb5/QYKBjFTQdG5GRhlmH82PKYSM1ldIvafM/4u19t8vdahLnPqcT1xpH7P22ePtpk4TXSBkxULrWXbraV7FF1gbeBzc4k1NfkIsMKJzElAYUSrV+yrfAOrRGJXLdqWQ+rApmPUQRX5FFrTOwHrijxYxYa77A7TXEC1s915R	Fpn55ww08QPgH+QbJfZ15cTOCeD6NhZXKrXm2P5/thu7KGBg/YJLv6/ivX+8RAVISYQ9KGz2qpk6sJprcG8MbtdGAQBK4WBT
309d6d66-4dce-4ad8-9923-13cd0267cf2e	2022-05-16 08:45:17.775+00	2022-05-16 08:45:17.775+00	2022-05-02 08:44:36.948+00	2022-05-16 08:45:15.481+00	\N	FAIT	ea6d308e-6956-488f-b299-fa0b2d7e37b6	{}	tPx2Mv3OMccFmdiPfvbdVDOJK8G/eFcc80A83h61YPccdR/nIX+75fwNyJgQhmLWFvttVi68cednugZ9Ek6hlBmczngal+RfcMkcpRqXkcV6l+1cHhx5vwSQdRNUPpwKsonxd9LbfzN25RndnwbwAK5OsRzHgHkywkZDjCuLsRfKJK0265S8wywa1Gz/oa07QeMPxi/jiXgphCuQeH/vIsxPfZbvP4WsMeB1N59QecIyhxG59az67TbrivBRaETOih9K9/Kmr8rBCDFiJk8tWy+7CLo0tZY/0CGhz/jF2IRvNlJy+2cBb06vj7O9ME5945S9ZgFJ4GFbplEPUvCnpesrAvlCKN0p9k9Yh2J9xAvvLBfl/h/b4BRdIO2yHtPY0hQ16qo+ln0NzbKsgDD0Bt09RCEmooWT8kcjFzuGeh/pAJXA5gcFzG/X5VHfdj8t0aqUtv5ZeWqz8fvj+zxGvp0VL/OFtE4pInq21aTb6BW0HPeDg5FMxwO1XVUulYjZuzSAGZJ2ohkPIA84UybVch8d1cN48rhTf1VgqB9Vf+TupNOA	5nYI8GzoXkJhjvx+oRwUmyl1LBBgKq9r/0PcpUlE29WdzZI1nAwsaTov1HRw+t4xK+Hv9CImUdDDiNtOCO5F6KUYg1KT96Xy
\.


--
-- Data for Name: MedicalFile; Type: TABLE DATA; Schema: mano; Owner: user_feat-pen-test-18fpoe
--

COPY mano."MedicalFile" (_id, "createdAt", "updatedAt", "deletedAt", organisation, encrypted, "encryptedEntityKey") FROM stdin;
a1d39346-3111-4ddc-b23f-91d846524022	2022-05-16 09:29:52.886+00	2022-05-16 09:29:52.886+00	\N	29ea1d8a-dfb4-4b12-819d-9e51427b5a6b	ZdyKCRHYs0E5sBo4GrFrYNe2DFaMRQG+uF07F56IJrSQDpFidKRCXG1rHxkX4uM/AGho67v0hx+zGTzbsbyDpAkdtKRB3ng/81dUP/NCR8tQv86RZgVU+dxryy03G/iGYCHszJhSPDl1KGKEawQ7c/jg47FbwM1CJbE96CuZypY=	Ynv+/mRVCA21+/gWGrwl/DgKMQO3RzXz1u6Nn73YRAQTY9WoZ0ZTDZl1v6cdhjnzllikbmWQHL4bphXeqq+k9fSqF5muTD/j
e7752413-6c7c-45f0-b052-3d71cc2e5132	2022-05-16 09:31:28.859+00	2022-05-16 09:31:28.859+00	\N	29ea1d8a-dfb4-4b12-819d-9e51427b5a6b	ahCspRh0kGalylCCVsKL5kPO6+Du43+H8F6Ldb8si06VeXPxbfS5+lwIcRngosMAloi/XeV6gXx68L6Qae8z2ioPMpsdpc0FnoHtM8H7Hpkd5BSOJRPJffIlpQbBjVITgEoBWV1eeU1nCmv3AcZ22sGVzhTcfGbhRMDwl1+sxZo=	vBn//zzpjlXDX1Dx3qvwPVXSNbB6vsntzHSLBoC81lN5hgZZFEtkXH5jVgctjueM416cd7/B7WJXHKUvgbTdDXhz7MmqjCgY
e9830c70-9f06-4bfe-a4c3-3f340d2bf1cc	2022-05-13 15:17:57.57+00	2022-05-13 15:50:05.812+00	\N	ea6d308e-6956-488f-b299-fa0b2d7e37b6	ZfyuZ5lUAdbXAEX6Wb+/3WiQfHLdl0xbCbzxikmVPKvdti5G0zAm5qTr3clmwIDOD49knKO3C9HdjD4HO6WH1aRHjrFu+6zxg6zlL4qZTaFAJ0bDugfYuGU2LNtUd5Gbq1Ope1dRw79zx7+mjSi02SCFh5kLtBHf6TvNUI91+V0=	Dyy6U4Sa+ICcjNB0HIuTXjP2ouo1V/iSCpQkjAkNMhOgER1NUeyJHqZ+G82GQBr4jmc8Kt6OTU4o51UPJqAMBTBwjrRdtrE7
ac5aa181-e578-4b73-b1b5-1ee725c42869	2022-05-13 15:07:18.673+00	2022-05-13 15:50:05.861+00	\N	ea6d308e-6956-488f-b299-fa0b2d7e37b6	hinKWK4WTvE/skyM+189Os30fqcpmrHuoNXs5U/FABtEnKgvHRIz6Un9ALF0QRVUDkSTrc3251OZ7+4vOk0GWkeQ2jOtxqRq6FUxbuGVoV9xJ9bVMaGoe55W8vnYWlOjt9ghYwbGSZuJa/+sJ3mkzityT9OoPc8q0F0DAyYgth4=	OSK038tutzxXbIAerVmvYBfmFpvJiO1PGJ2zb4utEpVwhV/ToOku+YwVeACgDnNY8FgSyj5zFhdcEQ4rcNuX0s+mpXMY0KR8
e127b3eb-4349-4083-bedc-cd29d69fd7fd	2022-05-13 14:51:00.572+00	2022-05-13 15:50:05.863+00	\N	ea6d308e-6956-488f-b299-fa0b2d7e37b6	ELJquZATpp4Qn1OSxzLZBA8oNcOEdhT/7kio4leqjyOCChZuLKtsAvNUUp/UCVrKYX5uHhA3/JzEqkKADg5/SnGUuf/nq4wnkyy0hU+l6iio9en+HHBHtl/7AeyUR17pZPh7Cx6XjQGxxjMX6cJEMHgRiCxP03jGCnoV2sPnWU8=	n3laXirMvCVRU5447z9zFdTSri7fOIqmwgWjIjG/W2MUulOxFJTHA/tGQFosjVOsnsg3x45niTmOTZAjYpeNJK9+wqlzOqrC
e40b2d70-4a79-4b36-80fc-cf59e0510738	2022-05-13 14:49:30.902+00	2022-05-13 15:50:05.866+00	\N	ea6d308e-6956-488f-b299-fa0b2d7e37b6	s8a/IjnndjFiBOoTiPIR/KGbSMvP8NBgpQ1uPnkCi/vEhcvn+ePDgAZu0isvE36jgwauaV8kG8IQjmmxHB3qWN+c87pz2onv3lC2zRdnzK/rKvgEoHzKhkQwbDeenx0d722rNB+/1hJPRJYsl/aqZeDU1ZODrsZuOG4oew5brOtGcDuj9IiitycXYxIjHlFPzdPDIW2Q97VbqlIeuVXCUjRzF2Tl2GlebyhyUmAO70v31YwGE8wnDMZp9LJ3cUexsgud4MEmxUz3x9mK33op3n2oVYkJWA1HEx31yyBAKxC9PwVL7J8LMRuYeLcaACwd	Ixn5AgckJV2ud606ZHBQ6QxLVps/p/WnaWfwHA3iquQhazAC9AgvmEbslwpq9CnB9WyvfAQnGmxDPrIfr+lAvIlcFSMLxM0x
dfa55d97-9e85-4746-90ff-df4d97e67209	2022-05-16 08:19:43.371+00	2022-05-16 08:19:43.371+00	\N	29ea1d8a-dfb4-4b12-819d-9e51427b5a6b	KPsCl2geqqt0rJX0UFi/iazA3WrmqotjatRfx2QHC3NKYm0PsIY7EKi0mS/X3/Mv7mzVT8vYfXJ7lNuROtvA7ptmujnYntaifMItKIPj2CJhzwGKTqpGi6pFcBlP9pSyj3ZCjidQlu60sixTZHuNh2oHyNKO+FcfKmdtSH8bTNs=	AA2vETh8fzc2DqAs67A7gsFb2SyO4CexpUSHpnPRdoAzo7sWMeqZ+eTgsz1kBxff/7b2DMrFqPOVdcKtYEYMsJ8WAVni/8EW
7e092f30-3fb2-410a-8d7b-ba9cdf324a0e	2022-05-16 08:20:39.898+00	2022-05-16 08:20:39.898+00	\N	29ea1d8a-dfb4-4b12-819d-9e51427b5a6b	a5O3AimQlKUUiNsphLUCxg6f9D+yKIniX5iD3yv655WVwm+ne90t4m94GJB16cqGGZIsbXBSeCgctn58E0LX/givfHAPI5giBzN4r/kgQZhIWbjDTsqFAizr36xbwxeL88NuISO4B7XdTBdVc0tbUV7zDkBhP8/+4cv7Ber6I6s=	p2TOuMTjb/3korbBRUu34cv77t1e7oU4y5fIqKDf3tH6LfJApQqrFgqliZbMOc2Gr8VhFOroOGwRLicz6R9jduY67QFX7I6J
289a42d1-df64-44a3-a1e2-f8e79c107d53	2022-05-16 08:39:46.847+00	2022-05-16 08:39:46.847+00	\N	ea6d308e-6956-488f-b299-fa0b2d7e37b6	/eu90u5rZ9NlCYqVL9uOv9voJWmEH/eZIDjm+F5QRicADO2E2/38AMstQLol1g7JmEmcakOtD8SwYopafwVPvm8MNM70XXyXqBuSOVF9l1a0JCo3pGD7jPN+YtOXbI9hmu7aupS7vkWqoxVK+GXPl8YEBQf0GJf+SXD9mfg/yek=	j4T2v865FTf7mugxg1QGVqsuqov3hbXkKv6FAY0BivQC+35zOBr/84UPQKRPRNG6jcw+NDCBI46Xn3oqkCwqJ8F2X86cAPb0
634a659d-785f-4505-bc00-bb381bee8353	2022-05-16 08:42:03.165+00	2022-05-16 08:42:03.165+00	\N	ea6d308e-6956-488f-b299-fa0b2d7e37b6	0ETWCjv9Lc7wKH4HwoVGK8kP9/HblN+fazQw9ut5nu2yuR1LzaAIgAEj+0jG5MtlqZqzRrMau7HI3Rphc6UINRhQIE4ttSG23JN/LD39/Gm70XY/0btFAe4NIdbUYqiHuL9BnQoxC4GGrBP4B0PgA+e4UmvaziKHIf1kE59axI8=	Lvcohbpp9Wz/tZGW+/wxsYcyT8pJ3cYzO/gI/2i7grrglXXLHkT8BeddFVYtrXiA7hSfIJxN6izqdeK5ID9KCOkYgtc23vRR
85834019-52e3-4bf3-a368-2ac06d459bb0	2022-05-16 08:44:31.059+00	2022-05-16 08:44:31.059+00	\N	ea6d308e-6956-488f-b299-fa0b2d7e37b6	Uc2c3Bp3A2LO6iRLnvEgz6wsDZN9w4aRxIl+EQKqry3sSP9qTAqVFExZjPlSoCjMjH+9UV7u6QDMGkF3rgEu3X7eZDjgc6qDJN+FZnPsqfvJW7Kz6MvqFAN2doeENpeZmGxzKBj6o8R9Rg0xyrd/BS5j75QX1MVmR2XPX8uu/Xk=	QqDbrLnYaNpYNRlByKqaWaOv91MitKeOga/NXOY9MDYZmeuPYooINQhgcMiuA6gZ3vz51uWjPuvfJAQXOXxulpSkX1G+a5FY
c6901933-9dd4-48ea-b0d9-04cabdb298e6	2022-05-16 08:46:08.64+00	2022-05-16 08:46:08.64+00	\N	ea6d308e-6956-488f-b299-fa0b2d7e37b6	JTbMrlCvAPtUsLlSZv2jMqtVrH4Xcs7kQRu0M770mO42sPcaI0qqwrlHjPZ6lRlNcYbzHAsRfe1sdUTPOIhszH5EaCIJ6nwxQlCzeUzdKA2z2p8D3T6Pi/gu1Srpa8rz0/F8AMyJeYrBipfx0D4ori86CBNpYoN8FO3eJBS2nK4=	1UyUupVlmwmv4DdvYT0VUyWaH6uMNiLQ7NjrFRV9RQzJlFVAICnXRSlWfPNoGp0MqSCFsAKWDVICtA1gEbrKx05JiSMdc9lJ
5a76fe8d-1686-41b1-9a55-1edba0502d15	2022-05-16 08:47:33.337+00	2022-05-16 08:47:33.337+00	\N	ea6d308e-6956-488f-b299-fa0b2d7e37b6	I3dJvl07n/kdEyHYqzT0frx3FzmdjByn/GwEwDQgz3XEUitlvDkCLrRH0CvMjQAEySAnENv1zp/ld1IILuNV2C9uynBj9Og/r2J2yx7/GDgx8pAF7urD0jXYFfmvAUHPZuNKrKccYfMvS1dgBeyLiqPeYd6RZ9U4bJE2VhTtViQ=	uV+lsdQh+PanKPnPCT2kctpdDQpY7vKiYh8rlOb0mYkKUDtoqkynTel8O65ZK3BRP6/CKFO3nvL0nHskd7415ripvdQNxlBO
5a0f9af7-7915-42f1-bbb7-cb8686df61e4	2022-05-16 09:24:32.946+00	2022-05-16 09:24:32.946+00	\N	29ea1d8a-dfb4-4b12-819d-9e51427b5a6b	WgtuAIffIQgjXTEwxcEroTAjWjWhNayGohOF5H3jeBWc44pABxaLm9V24AAHBHFI11VcoCgRu64xPp39u1C0uqFCemgqzIY0Pv+HR9JNHxKFUMxLGT4f+fbCGK3OcoW1jtqnrABdXjMdLLIvcrdS/W/v/JUdi3i1bT3vzNJzJQk=	u0O9AvBEGDeIHKY+m1g2r6L3RcR1j48waxcaMb+04FOrm8JA8nnSWopp9IkJE7nqga4a+ls3WfV7VU3nVi4Ym9oT0jflHfYY
b28fc859-260d-4be7-a873-78c2331af4eb	2022-05-16 09:24:51.725+00	2022-05-16 09:24:51.725+00	\N	29ea1d8a-dfb4-4b12-819d-9e51427b5a6b	kG/67zGdamToBKYchwZrjpXzr8jjdNc5o7rXaeTEtu8fJFmCYlIPnrV65uxkoiPbMlyXpxZLLuUfiYFET82Un1bIefglTntwJCYBG68nk0OuAL8L+pTStAT9R5PfSGomPyO4lAB9R7TmwJHxajzwX92kqfp7i5RM6IiM/hRnsN4=	7BB0eW+bLVgDQw8JbOBRN2MvIB+q4+I/oG9FlGqsusDYahqzlmLcDva0UsqTkKLc2IPEcLBApuTo63srYK6D6ecguGKscI3A
4b2c6bb9-8fab-4bdc-b22f-b81eaa7531a1	2022-05-16 09:25:25.278+00	2022-05-16 09:25:25.278+00	\N	29ea1d8a-dfb4-4b12-819d-9e51427b5a6b	NOwaiZtNLtxXSM4Au89M0+bjaKPvn4teQB34Xo5JhqRDp8/FoXpCWUUPHpV2ak+tOrGQEVsfBwIbak0oRVsV95o1ml12bGHS/k/9eGc8DVxn34u3RxoAaIJhYcEB7OcwBk9KS+rmEX8ZpnrLGHqcRPGqjVZRjspkE+Vf2jAWuK4=	q3ud6bNDCLqezBhtX5vhXoCnlqPUEd1TdEFWMK5jJNGuf0/nrdU0zIiFfwNtxgb5EXRPZbkOoLQ5+L2hm7bMdLNsB1Jxx3YV
b50c14b7-8ed3-45b6-bb25-e5889e03b10a	2022-05-16 09:34:25.552+00	2022-05-16 09:34:25.552+00	\N	29ea1d8a-dfb4-4b12-819d-9e51427b5a6b	1k2BYjAz7RdNdzYcQPd1rprlYNZMgfcD5qRmycvTWZNOPu/rwGMNaNuyNDuXTAuloKWzChaW/wwzVDdiuP/P08zn4ikzXCIhlCNV5fgbdembCMfOpfOPjjkX9MM+AD5L+3GXOrh4rPX1vI28KWkAsbTKWQvhEGXI46K/uAOneXM=	it3o9cMK0quM2PkhjAR8uZ07K4cdmn2y/mGTQqi90o8sOYh3D0aHJrseHVAVAn05x+Xy3NYeEbPWX6U/NCAgr2E84C9Qyet5
9530acfd-4a7e-472a-94dc-4be4b3d64fcb	2022-05-16 09:35:59.968+00	2022-05-16 09:35:59.968+00	\N	29ea1d8a-dfb4-4b12-819d-9e51427b5a6b	ra76iAW/yHlRh2B1tDNmmTbxBVtgBcRYhM2ogV7gPXhVKsTZr7y7NA2Rf0nF1xBhaLuuQfWVGLV+4i6R2V/wCBFExYMVtjx/LFN1IDq9jn7o7zYpYAUiz/jnySW4UfHaSlahJVEekxcUneBlozEnnMknuUZE9OLe2aMCVmKGMvA=	H4Fes2RBogBlrFGu6wu9MMnx63evQLYUO6/nIC7Y6a3lNpKAFAUi+nz8At6e1gIHlnvEaSi/+9b+w/xLG20KhzJ+lzE3vlhq
\.


--
-- Data for Name: Organisation; Type: TABLE DATA; Schema: mano; Owner: user_feat-pen-test-18fpoe
--

COPY mano."Organisation" (_id, name, "createdAt", "updatedAt", categories, consultations, "encryptionEnabled", "encryptionLastUpdateAt", encrypting, "receptionEnabled", services, collaborations, "customFieldsObs", "customFieldsPersonsSocial", "customFieldsPersonsMedical", "encryptedVerificationKey", migrations, "migrationLastUpdateAt", migrating, "customFieldsMedicalFile") FROM stdin;
00000000-5f5a-89e2-2e60-88fa20cc50bf	Mano - Test	2020-09-10 20:17:38.662+00	2022-04-29 09:38:02.952+00	{Orientation,"Accompagnement Autre","entretien santé en bureau","soins main","soins jambe",vaccin,"Accompagnement Entretien",Médiation,"Accompagnement dans les démarches","Accompagnement Juridique","Accompagnement Médical","Accompagnement Social","Séquence conviviale Alimentation ",Consultation,"Démarche Juridique","Démarche Médicale","Démarche Sociale",Distribution,Contact,"Distribution de muselières","Entretien organisationnel","Entretien psychothérapeutique",Explorer,Informer,Ramassage,"Rappel de rdv",Rechercher,"Réunion de synthèse",Signalement,"Travail avec collaborateur bailleur","Travail avec partenaire autre","Travail avec partenaire sanitaire","Travail avec partenaire social","Visite Domicile","Visite Hôpital","Visite Prison","Echange informel",Soins,"Séquence En visio","Séquence présentielle ","Séquence conviviale Santé ","Orientation PASS","Dossier classé","Dossier reçu","Suivi VIH",distribution,"Mise à l'abri","Démarche administrative","Inscription scolaire ","alphabétisation (enfant) ",PES,"Soins infirmiers",VAD,"Ouverture droit","atelier hygiene"}	[{"name": "Psychologique", "fields": [{"name": "description", "type": "textarea", "label": "Description", "enabled": true, "showInStats": false}, {"name": "custom-2022-04-04T14-57-55-944Z", "type": "yes-no", "label": "Idées suicidaires", "enabled": true, "required": false, "showInStats": true}, {"name": "custom-2022-04-04T14-58-17-810Z", "type": "yes-no", "label": "Trouble de la personnalité", "enabled": true, "required": false, "showInStats": false}]}, {"name": "Infirmier", "fields": [{"name": "description", "type": "textarea", "label": "Motif de consultation", "enabled": true, "showInStats": false}, {"name": "custom-2022-04-04T14-58-31-285Z", "type": "text", "label": "TA", "enabled": true, "required": false, "showInStats": false}, {"name": "custom-2022-04-04T14-58-42-108Z", "type": "number", "label": "PLS", "enabled": true, "required": false, "showInStats": false}, {"name": "custom-2022-04-04T14-58-54-734Z", "type": "textarea", "label": "Soins", "enabled": true, "required": false, "showInStats": false}, {"name": "custom-2022-04-06T15-02-24-468Z", "type": "textarea", "label": "Protocole ", "enabled": true, "required": false, "showInStats": false}, {"name": "custom-2022-04-06T15-02-36-303Z", "type": "yes-no", "label": "Symptômes Covid ", "enabled": true, "required": false, "showInStats": true}]}, {"name": "Médicale", "fields": [{"name": "description", "type": "textarea", "label": "Description", "enabled": true, "showInStats": false}, {"name": "custom-2022-04-08T12-15-19-252Z", "type": "text", "label": "Motif de consultation", "enabled": true, "required": false, "showInStats": false}, {"name": "custom-2022-04-08T12-15-31-326Z", "type": "multi-choice", "label": "Le patient a-t-il été orienté ? ", "enabled": true, "options": ["Dermatologue", "Addictologue", "Psychologue"], "required": false, "showInStats": false}, {"name": "custom-2022-04-08T12-16-18-220Z", "type": "text", "label": "Détail de l'orientation ", "enabled": true, "required": false, "showInStats": false}, {"name": "custom-2022-04-08T12-16-33-156Z", "type": "text", "label": "Structure sur laquelle le patient a été orienté ", "enabled": true, "required": false, "showInStats": false}]}]	t	2022-02-25 05:55:42.23+00	f	t	{Douche,"Café et thé",Repas,Kit,"Don chaussures","Distribution seringue","Brosse a dent","Kit hygiène","Distrib Préso",Machines,"Utilisation ordinateur","Nombre de personne à l'atelier photo "}	{bociek,Bozech,EMEOS,gaia,"HLR ","Maraude Sud ",PJJ,test,UASA}	[{"name": "custom-2022-03-31T16-12-10-994Z", "type": "text", "label": "Adresse", "enabled": false, "required": false, "showInStats": false}, {"name": "custom-2022-03-31T16-13-07-016Z", "type": "text", "label": "Commune", "enabled": false, "required": false, "showInStats": false}, {"name": "custom-2022-04-04T09-49-02-970Z", "type": "number", "label": "Récupération seringues", "enabled": true, "required": false, "showInStats": true}, {"name": "custom-2022-04-04T09-49-31-052Z", "type": "number", "label": "Nombre d'hommes rencontrés", "enabled": true, "required": false, "showInStats": true}, {"name": "custom-2022-04-04T09-49-45-870Z", "type": "number", "label": "Nombre de femmes rencontrées", "enabled": true, "required": false, "showInStats": true}, {"name": "custom-2022-04-04T09-58-00-764Z", "type": "text", "label": "Description", "enabled": true, "required": false, "showInStats": false}, {"name": "custom-2022-04-05T14-16-10-414Z", "type": "number", "label": "distribution kit seringue ", "enabled": true, "required": false, "showInStats": true}, {"name": "custom-2022-04-05T14-16-35-478Z", "type": "number", "label": "Kit literie ", "enabled": true, "required": false, "showInStats": false}, {"name": "custom-2022-04-08T10-09-46-637Z", "type": "number", "label": "nmbre de pro present", "enabled": true, "required": false, "showInStats": true}, {"name": "custom-2022-04-08T13-26-22-733Z", "type": "number", "label": "Nombre de personnes déjà connues rencontrées", "enabled": true, "required": false, "showInStats": true}, {"name": "custom-2022-04-12T13-24-07-590Z", "type": "yes-no", "label": "test", "enabled": true, "required": false, "showInStats": true}, {"name": "custom-2022-04-12T13-24-41-202Z", "type": "boolean", "label": "test2", "enabled": true, "required": false, "showInStats": true}]	[{"name": "custom-2022-04-13T13-45-39-174Z", "type": "enum", "label": "Taille de vêtement", "enabled": true, "options": ["S", "M", "L"], "required": false, "showInStats": true}]	[{"name": "caseHistoryTypes", "type": "multi-choice", "label": "Catégorie d'antécédents", "enabled": true, "options": ["Psychiatrie", "Neurologie", "Dermatologie", "Pulmonaire", "Gastro-enterologie", "Rhumatologie", "Cardio-vasculaire", "Ophtalmologie", "ORL", "Dentaire", "Traumatologie", "Endocrinologie", "Uro-gynéco", "Cancer", "Addiction alcool", "Addiction autres", "Hospitalisation"], "required": false, "showInStats": true, "onlyHealthcareProfessional": false}, {"name": "caseHistoryDescription", "type": "textarea", "label": "Informations complémentaires (antécédents)", "enabled": true, "required": false, "showInStats": true, "onlyHealthcareProfessional": true}]	RLzLwy4nvOAmbTBPF7XxYQL07TLY5yibt7NhfcdihtNNMiIrrqI3u/ArJI/tQP+RMKMbJmxgl+Y=	{passages-from-comments-to-table}	2022-03-22 14:42:33.364+00	f	\N
29ea1d8a-dfb4-4b12-819d-9e51427b5a6b	Maraude Nord Aurore	2022-05-13 15:32:22.977+00	2022-05-16 09:29:13.09+00	{"Accompagnement Autre","Accompagnement dans les démarches","Accompagnement Entretien","Accompagnement Juridique","Accompagnement Médical","Accompagnement Social",Consultation,Contact,"Démarche Juridique","Démarche Médicale","Démarche Sociale",Distribution,"Entretien organisationnel","Entretien psychothérapeutique",Explorer,Informer,Médiation,Orientation,Ramassage,"Rappel de rdv",Rechercher,"Réunion de synthèse",Signalement,Soins,"Travail avec collaborateur bailleur","Travail avec partenaire autre","Travail avec partenaire sanitaire","Travail avec partenaire social","Visite Domicile","Visite Hôpital","Visite Prison"}	[{"name": "Médicale", "fields": [{"name": "description", "type": "textarea", "label": "Description", "enabled": true, "showInStats": false}]}]	t	2022-05-13 15:46:32.788+00	f	t	{"Kit hygiène",Douche,Repas}	{}	\N	\N	\N	yMSydR58CcbJ9DiN65k1No5PV97zr8e3h6UBLbnLK1c6Vn/korp0WXNystT5FPQh0pJeKPvplsw=	{passages-from-comments-to-table}	2022-05-16 08:18:33.483+00	f	[{"name": "numeroSecuriteSociale", "type": "text", "label": "Numéro de sécurité sociale", "enabled": true, "required": false, "showInStats": false}, {"name": "custom-2022-05-16T09-24-04-633Z", "type": "text", "label": "Pathologie Chronique\\n", "enabled": true, "required": false, "showInStats": false}]
ea6d308e-6956-488f-b299-fa0b2d7e37b6	Emmaus Paris Sud-Est	2022-05-13 14:14:45.849+00	2022-05-16 08:43:20.269+00	{"Accompagnement Autre","Accompagnement Entretien","Accompagnement dans les démarches","Accompagnement Médical","Accompagnement Social",Consultation,Contact,"Accompagnement Juridique","Démarche Juridique","Démarche Médicale","Démarche Sociale",Distribution,"Entretien organisationnel","Entretien psychothérapeutique",Explorer,Informer,Médiation,Orientation,Ramassage,"Rappel de rdv",Rechercher,"Réunion de synthèse",Signalement,Soins,"Travail avec collaborateur bailleur","Travail avec partenaire autre","Travail avec partenaire sanitaire","Travail avec partenaire social","Visite Domicile","Visite Hôpital","Visite Prison"}	[{"name": "Médicale", "fields": [{"name": "description", "type": "textarea", "label": "Description", "enabled": true, "showInStats": false}, {"name": "custom-2022-05-16T08-42-24-663Z", "type": "text", "label": "TA", "enabled": true, "required": false, "showInStats": false}, {"name": "custom-2022-05-16T08-42-36-138Z", "type": "text", "label": "Puls", "enabled": true, "required": false, "showInStats": false}, {"name": "custom-2022-05-16T08-42-42-680Z", "type": "multi-choice", "label": "Pathologie chronique ", "enabled": true, "options": ["Diabète", "VIH", "VHC", "BPCO"], "required": false, "showInStats": false}]}]	t	2022-05-13 15:50:06.005+00	f	t	{Douches,Buanderie}	{}	\N	[{"name": "custom-2022-05-16T08-34-10-594Z", "type": "multi-choice", "label": "Type d'accompagnement ", "enabled": true, "options": ["Type 1", "Type 2"], "required": false, "showInStats": true}]	\N	70n6u+RBQyiRd0eQI5pAlN3qEu39rNbnZprSdQkdr9MdG4U3aNNXIk7gAQFoDcoNRCGoCPvdI8Y=	{passages-from-comments-to-table}	2022-05-13 15:22:24.784+00	f	[{"name": "numeroSecuriteSociale", "type": "text", "label": "Numéro de sécurité sociale", "enabled": true, "required": false, "showInStats": false}, {"name": "custom-2022-05-13T14-50-10-112Z", "type": "textarea", "label": "Pathologies Chroniques", "enabled": true, "required": false, "showInStats": false}]
\.


--
-- Data for Name: Passage; Type: TABLE DATA; Schema: mano; Owner: user_feat-pen-test-18fpoe
--

COPY mano."Passage" (_id, "createdAt", "updatedAt", organisation, encrypted, "encryptedEntityKey", "deletedAt") FROM stdin;
48c6adc9-8c55-44d3-9718-0907659aa992	2022-05-16 08:36:50.676+00	2022-05-16 08:36:50.676+00	ea6d308e-6956-488f-b299-fa0b2d7e37b6	S/ojNt4oY7JiretG21eCkA8Hy+bHyBC0NHKl5vykNAOaoGlPVb1Uz8mn41gNyDF7PVJqfF+4U1ASr5RSXEbEFHmgp2FKBtvg+Oo/iCSoeHqnYF9/44eIlw1A/6EkP2B0VQGgQU1gOWkKAcx12Q9JmsCzOQHDZfRCUN1PjGCv3H1JLa+PfNykPW1k7ggy3GZt0VH4W9pA7I590PQ+fg8d47GClgr/6nuLWQQM1TtdswgUEilAG98l9PwM+YfD0Z+Ha+Q5ZiUUKcHJotL07dc/9i1bpDYCK9fKWpOPCuRMVjUCeVXmJ3Irsk1ky2AZ13DA+49jcaOQAQ5uY52iz2jJti1ynkIiPYYvJcXTSss8t98Kr55A	zJZBy5gy5Pq/iUrSNVwUSNwXr4et/s9qEc5yv/skhkd6jyqTIpxOKWJ4gft34TspGb1ndxtzntXEuHJX6k7dtdTyz0H7F8ko	\N
db03372c-c418-4f58-be42-961aa0232a73	2022-05-16 08:36:50.886+00	2022-05-16 08:36:50.886+00	ea6d308e-6956-488f-b299-fa0b2d7e37b6	iFkWJjDqPWs2bHlTeBIVyvrSdfHAPG26Ne04QaV70t22CNmd2bGYlNAG0CmFwPTZtRdarA2Jcj4ZtM7a3i9E3PRTAEej8zkW/BGdkMwMFLJdMhZiF8uuIjm+xVyTYWuZFwGfxARJPMLbbxHpQnDUBcaNKMdyfLSBbIMwwNQLQWU6RuG87mQZB0/deCOn3KR/1NBuflz0O43spe9gY3+SrpkzNPas/XIeO/DrT9tli+5SLwXCuOgaYQXDd0qKobaOftINnvWnr5+w0EL+rhNGxaq3wiTCvhrMqy8yZFIWIfVZlSqUqu8+ygCfsKObdBRTgaEdaa/phVrYj50PZn5fl2xTFw8BeRgKU0/tOjb0B/ydJZZj	YCmTlgW+f8ivXPA+fCuMz5+oy6vW6M/2TOUFk608HZkiZMHiVTB65B7fi+5I+3FrQl415TtvE7v9UBsAOmKAaj+cC9I+S6A6	\N
a99f72c5-b2a0-462f-b82e-0230ff58e023	2022-05-16 08:36:50.984+00	2022-05-16 08:36:50.984+00	ea6d308e-6956-488f-b299-fa0b2d7e37b6	18WjEqXMBXu4bkGTGMjIQXPiGPL4IFqFdUC22Ai+4753JDCSjvNGUCZvC3mNrMntsu2khuTKaMeOmb9hZFv/BV4CyayCv6y1AXt8RT4Z1GTfXB5R5co2Fc3LkgxarOooOvGUs1GZHpPzDVce6xKeoRpt/wS0/GmXe1Kh+tljAm2DwJplD02adx9JUpLVRwHjszCNh7/Bwuzt9hCD5nhlmNrcgNxKSnp4EoPAVqxsOVK781AaFiO2hlhd0rTDCT8NBFOEU6SXUaayLooPTNS7xVbeZdfAFKPNOhVWT0UlgCcBoiDhAgdL/QM5YVSRJ/mICznymE6wjSrUjfRqxix+awF8tq+nrRbtoV0sq2CwBfaLCKV7	Wat66jciBFGCSn7/IakdGAyqm9EMTFAG2/A+Kih+R3mDjK8qCAyTT/7sX5kol/xgPZ4yNpUuVeuW8MOvJ1z8awK8csEd4n0C	\N
aed69827-5ce7-4900-aa53-794bdfe8aba1	2022-05-16 08:49:19.158+00	2022-05-16 08:49:19.158+00	ea6d308e-6956-488f-b299-fa0b2d7e37b6	Rx7z1VtD3UW7+tDB8H0mkRZ43XIIlfOwbtb5etFAHNpjz843lWo+VWsYAeuOuG1T0KzdIMJ1fRgKB7L8DEtkpIWaA8eBDqtV4KcN17H81EqU0GB3/puyey9nrl8yAbSOTj322oX7j/nnSY5SGgFksLJRIMzd23s2iTNn3qN4UK6Pesp2XyP77tlfKA1BOKaltP+dGDOHLdKaWmugUQbRky6N7Glwl3bNI8QfFE8whOu4trmPZWi6d7lU+kc45E3KvgO60/QwvRf1Y41cS0qOmlcpcRHUF9OuJAFNYRDjjWMVhGTWwCscVgVMXc+OfQK5ZeuDW5iI2m56q1wtQteBVU7ps3gJmou6KoqcHW7aUMRxLZuX	SabZ8SuY5tWSJF8q0Vy3ShcZ4pp9XAOiZ3fbYGL0kzLYsap4h/3FbgFHPUhQdJz69rQwq9bscLQZDWXcb8me25uIhxzuAPMD	\N
aad801c1-efe9-440e-9395-37626d43e700	2022-05-16 09:21:48.241+00	2022-05-16 09:21:48.241+00	ea6d308e-6956-488f-b299-fa0b2d7e37b6	aWEaGkGQt1FmW8vNioe/vSV/qoggXuG22Tox2x1AFFWiHn5Tbe5eJ06FiFu2OAzVpObLc69BZME9FjL1YZyBX5eQUgZ2+OJ9aAHqxQyQ0rJ4peOTia4z+yuuVU5wnP8u4wCnj56XNZwjeBxTE0Q00QbvnBuVZXGI59cj/B7OkVeTTswYnY17Nb2ThcGvLcGFvyRSlYWFj8oSeUOc43yG9kKGa2AT49pXTWdyGDWDLnsedsKvb7yvBYMOtLMaQgFa9bHx96xcJXZ5BGCoexgOPdDrrIY=	qOQ7YzIEX5hOlhoq5/BozuIXhsE4lMTXewUjKBgDf6Yp2Isy6lQ3cNqFmh/MDtvkix/jJnOXFNVn1P6/cz5p/5ICDlgnetrM	\N
4f19e64e-1444-4162-b28b-05e2a4b7f49d	2022-05-16 09:21:48.243+00	2022-05-16 09:21:48.243+00	ea6d308e-6956-488f-b299-fa0b2d7e37b6	snjNxYT61Wru8Wvq5Rdg8Yn+PqEHtYBXpj0gJekq0rvBMpkEuwhT6i0sArsC6v7OaypjgcyKL7epucdf4RfIGynVqVGD2QcoEHi6D+S+x2h9LQlPvJyLcyoMCZFv0+zcmWKPf9zYk2z9tEqYSv5YwEtdVrYCaUQQZUL1OPjXTfv+VbiRSEyzrXKaG/3bH84u16KdJgLtfrUGen8FmwNAGybHDiZiEN2yQpYw4cyVZYFjvqm2e1l1CD/KQGuEKt4YSz/cUrF1ptdoYfrhgzjd3WX11NE=	iIcTLtLlXtnlzoc8sisRtDHo2s//cKe/FYZHTPcc4mYJHUsrHaWnb/3D2azWW6lwS5sVbI7eII8t7kprlBZLP2Kb92HJl7Jy	\N
683a135f-6eb8-42f0-9ac8-5031d2593b31	2022-05-16 09:21:48.238+00	2022-05-16 09:21:48.238+00	ea6d308e-6956-488f-b299-fa0b2d7e37b6	87bLC2xw4wbDrfUeO/IyJN2KqBMEUS7MnYdHyRo4Xv/dEUFRN/9VqfW9fv4BdCpqMwlTqKjlUarFhlCwZqlVolDFTrcRhXcIM2gtOnLKN3gAtcolZ+w/M4oiywroP+LZ4R+58e2/if6zsg1fLFsoRnwWUOvyy8Tw8tB355g1FTN8vQ85n2Zw3b5nmOpOKP8eyPE7+oopYv2CGz436srj96aZ3uc88yKtnhjBQpzRgf/6rp57P12G4/nGgqFNZqYGWrhGYpBgu3uLdE8RtkAlurGA/w0=	7maQEseCQZPMFlRE7uf2f4KlrjItTQjv+X7dUrZy2hEYpqBL67F/J9bqvxGgJpweTGOMroSKp4fMHBpOoOg0zHM9wnEoj/CI	\N
2a350ff3-5623-4613-abd7-4e18ad741a2e	2022-05-16 09:21:48.24+00	2022-05-16 09:21:48.24+00	ea6d308e-6956-488f-b299-fa0b2d7e37b6	7BlpUxK00cMzaN/zBAdIyTz9QNEIKsm9SfYHpxMZbO6Eg8fFNkzB3TkPfRq7YtBKjXvBa069LdylLQT+rqHI9FzMVZ5XularmqcvfLT8ADyxNIYIw/7vItm4bjdsj5oTlZYC1x3GsjqJipO8rsZRgvQ6uG/YDK0y9qT8yCS9QpI8yGA9biIDViuhGhV3UZIgRXmybC7cxX9sZTS9jeO58WepTqI7HxsCD1494o3BqDyxl7fT5vndfLg9WepXYSjxjXYhvK3SiHUHcjvF2W29QTlgIOE=	m/ph4YGQ1tXMHZrDjE0hUfSgQQeYZIz4BM1dTzwf+sYm59NkBWGs9l0URgtXRQnpO7uD/dBFPN2sPrAmqh7jsy+SV2rke5ra	\N
68b2aaff-ac24-46db-90c1-3d03fa739da8	2022-05-16 09:21:48.244+00	2022-05-16 09:21:48.244+00	ea6d308e-6956-488f-b299-fa0b2d7e37b6	jmdV1bajnH9ytrspbp+p/ILYAFs/QPPMo0anqgYVegzMxhf/8y+x+iUGgNsvNIzCIJVAZ/UJyJrThGwSZM1eNrKDEuDGQkZwxgWCjNwHKHju+jUASPKSHZFtB2rb9SkOmJc2Ys0g53fuOK88GbXGdTxjZxiEJ9IhH2p2ZXmvNtox9/TGVo/I4np3WBM9ZBWuaLo1kDGs3biUf44HskCcJaJHqcvcgT5Lc6NU05XvdWl7Rv7fkIURjWqQH2K+Qd8nM4ljAS7MmanpCmdggcJFpP3CH0s=	dacGir+nRS3A4xT52u5N5qDyKg2Vjd1tGh7C6BLAT7FxlXVPFBTrB5K/5Iu0UeeIT9hgLkcZ1HMws0poHaKLXas28N5sw3G6	\N
130e6a38-2ef7-47db-94bc-54f5a5d15f3e	2022-05-16 09:21:48.245+00	2022-05-16 09:21:48.245+00	ea6d308e-6956-488f-b299-fa0b2d7e37b6	+cYVw8oVJdGSE2xBZ8iJ8PN8RP+S+16O3OKoiel6gPFaOtbqoGET3fEojLE3UWqJxPjSZaEinKo6pGk1mqs2mgSiSEwR50QMZYpqZOG9JXnNW9egi4j18/4XKsvtF2ZMtQMs/8xZg1lF6fANZI3xHHKJaiECvirSo3icfPpJHeEPGL8DKycykecahX9pOV3/Lm/+O+uUsMkoT0gJDy8O60Qxcdd1qiqw4aSyitYJmkHHX2pWIHx0MOuyIzsPIkPsf2Bg1gy6LuYZJgMp6WUodIzTJJQ=	mEr/wrl5Il+xncIGaW19I4Qk5/zOil8fKhQAXnISft2TS1l4UtgLv0vujb+qxfqPqdqtBJyhNhiagkFTG4KkDuQp/tBs7z/6	\N
e9f5a3e3-19a5-41e4-b26b-73051d76e0c8	2022-05-16 09:31:56.568+00	2022-05-16 09:31:56.568+00	29ea1d8a-dfb4-4b12-819d-9e51427b5a6b	/rI8aMTOU/cbUL0cU15tv0jwOjroVaR1TcpTwMEbOkyRzhkdempLRPXgPGNQV7ioelySuVC/aXb2nIvtZbcXWxS5A9VFBfwVpLJsJywAvbQ17l6d75DrWmFZMiGj9Ae8TUjjqS5MP+1Y2PYWkty7mhvwL6WOudRPqiNH0SDjh9jhpZoBHO8sbWdNfSXjsbP7Ldrd0Wn0WalRBf+S3mQFsfTi4sr5bSgkdljNahQZOPvR38fzSnUAUQLMP4YsOmzXj32aK3z67JSl/TTC3fxtGGWk4Pkx4CaArb2+NeT7LP7AERNVwqIUsjdEOwF+Qi2a4ATQSeSfNvbSu+FlLDSoElWWGND1pqyQqOBFAqzsX2De2tmh	HSNQDXHRyXobvUerRs5lk9mdQofzEALOiwBh/C9Qe+Ckkk95SU4j05gikzrjkFE7sferY7Oa19/DbsSytL4wUGPeWJ2R/luY	\N
1c7f7f66-68c4-4750-a38a-b8a7fa06a183	2022-05-16 09:31:56.692+00	2022-05-16 09:31:56.692+00	29ea1d8a-dfb4-4b12-819d-9e51427b5a6b	vM4ZpfuCxI10A1oi5kFr0orRKVEdkEUeULc3u4n4NM0rHSF/cKl6NRIYYdZUpFVDzAdQXJ52v7zrSScLnF/2K+bQ+n2me5OcUSeISHHgUuKUFgvBbjXpV9jZCua0TfF7LgU6M6YT8Zp8FIP1wLLnf6Hpj6nZw6LVZuaIQXfCd2tFD3n+fvDat0bAZ/VYdoRIzD/4mu70MTiFoMDo6DqAp5IInXv/Qm065OWXc4S+mrU5cJ4cbpMtEgALmnIG6YR3EUU7YF1rWRyyujVX8lf+6Ctqah2GqFKhB5tlbWiEaKWoVhdo/3huZvOkV3LRIJuF1zWPSCJ9wXsufX3kCpNpcRrIezxdj8D8I4/qd/d1NeoMKSTo	jOEA7HwPWwGTVxPt9TeONe4Ng0MLzIQSpFh9WgIHc2U7vRa+7Yfzx2U/twBgGd2QVLpcCY0LLLIIBUvoBL3nhqeuFBqRp68M	\N
88595df5-4eed-40f8-ae6f-08609b513729	2022-05-16 09:31:56.792+00	2022-05-16 09:31:56.792+00	29ea1d8a-dfb4-4b12-819d-9e51427b5a6b	I8o6up9WwF9aJdVCRmGI0JJZJIifVg2H4G5O6EY9k5QV8vTmVKUEAHv4CGZa5dv4SCVLZhDA+2mdVxjSKJtg9fN4ZLGT9pUl3zs6mXuyKzAYSfi4Fso/Op+1fO8hpkRYzw3xvH0y7LgHn7sAHNBLN/D042XkrO7A+2n8oLjXqQZYOIfZbaFUzDXRVEEgADGdl1n8F6lkqnLKzoVhT0S0kNkVw1wQUrzrZ3JJFUQ7kuwgkVVJn0S2YU1wqkUA7v8Iu3Z0NFEOK72w/J7HozBdJ5r0UIzByBClD6h+obE4Ilo7QbPFmILmYU41HfmUEaP88fKMk49J6jo+MMbyljWCo8XFyH/rxW+mF4pEeSkMGfBioFnQ	THGoBna7ANXgzcLQ2nrLAuh5uCzPeHIES05VB1V4yrL7Ke5gtbNktqxtja7zaCkE1KaBVPSg5DFYgsC+Xd/B9xTdPq7fX8gf	\N
47d484d2-7a8f-4dd2-ab66-19d62e951f58	2022-05-16 09:31:56.907+00	2022-05-16 09:31:56.907+00	29ea1d8a-dfb4-4b12-819d-9e51427b5a6b	px/XBkzmFxxMxTTCavYNl8Atmjz3fMCPle2L0Av8LWi68x0mC8uvcSo8t3HwYm6fDW7vg0quwD/uyUA1WEbrKo0JslQK6SrhC0l8yJbjhFkfY3jxbV1uwsNJVSSZaCPvR2UhjWyYKjDcbPMV9ecbF1Wd7zgpwd0TJmWakM9z2s4zN+5Imaf4SuvpJCO0l4ymxhp7HtN52kN5LRklct1uOvp1Y2pCkdJmbd6I0LDC8kLEMTpXMH4mvEYf9eQ5O+Bqn6j2hcSKZaHo3DcoVM3on+AAvXpkAS1bf4IwUbUiZZGcfDvvIZhhvkTUVv3yKodoYX8T8arh+4ATch9KA9u1+xtR7X7lZqZV1GdBncG26eIUz+Vv	dLnRoITBntu0+doO6qz0wA8Enj+Np85WoKlQawrycuq3HN+vVe9ElnxmjRmmEhefGU5Z0+VBiz01/rVY9xOygncuIJTPxMEV	\N
fd98a10d-9955-4aa1-9ea9-040a265cfb5a	2022-05-16 09:31:57.002+00	2022-05-16 09:31:57.002+00	29ea1d8a-dfb4-4b12-819d-9e51427b5a6b	SQeDV1E3qtEc29HZ5A1cNdsiaGm/m4E/clEtfpoc4qP6wNbu+MwX6s75pIIrPLxkTOhrlbZci1JfC2BTSVu9RSZJMPSBoJrpokXvuKVFZjfj/fOEq7w1bRyxCeZ2oxEp3e9GO7m79vCxvnxGkL8DgTwhyN0M174ESITbLDfraylshj9X9u9GkZ2lYXCzoKh8fxHvAy0lL7JgU17sZBSFmklDu4QWhHRRe5eQlnR2u3j9XE9GN9shw2fQQkNhIvUBCBLCPu23SCvN7uGSVvvBzocbEdZcF5VZb6RjZqxXxnxe9qb9ShdO40firY9zh8SzJZ/L1H77kAQvTZ/9jwucU6gPO9oVNTs/W90Or3hPudjV+eYy	rfwbWOGl6HmNLKPYPLREbHnJaBdVU/AiuYsxtm3JKyZkJMjB5ZjLWR7NsGG8MPR+RCj9gcvp+9tB5eRzjt83tkhaGbeWr+MO	\N
c808e19d-05c7-45db-9fc2-63dfae71dae3	2022-05-16 09:31:57.086+00	2022-05-16 09:31:57.086+00	29ea1d8a-dfb4-4b12-819d-9e51427b5a6b	r0VitwFNhTBoAksn71AKM5GF8w/RxVuuTxerglE4r2Q1oMedfH96xoz9z4wzqxrW0Nfua/cmiAgsWMMy7snL3Qfd3NiBUMNFqHj9l+vSHtnsLI6CW6HQJyjNnureJ8FKSQ4I7l09Y73d4U4Y63pv1rkEVB1dTYlaPBEAN82zmGhziUEukWGTJ2MJAEJSyjI8fR9a5gGl45FZQYQPsez705TXGl40jKmFKRlyfHPovjsEJSioxXMYQAwWb0PU9arx6AaNFVIkh7tY8NzVu6jKcW4s53FGgRYp+1MGfY+ztZEJI4IIcNlkHurqDEPK8Q1ITnm2omOPw8qAl88fk39mzcPQ+Wlv2Ie0hkS22h2vPJk8g9EE	XgnCQhVne7Msr+GIKzPaMBd1ui/O/o9NCRM5T3XK4WT//7mNJ1H6Tv16EHMStw7u7pMGk33qKbfWEyoF+Qz2DJmt+YYfrB1m	\N
c0249fdb-96b3-44c8-b541-8010ba2e2c34	2022-05-16 09:31:57.413+00	2022-05-16 09:31:57.413+00	29ea1d8a-dfb4-4b12-819d-9e51427b5a6b	mSDzNlZ+fBCukDtn/vSHZ+9gave1Gdwg/bn7aDQPyv79bUe5YvaKR0y0H1EaFpEG8VXQdMJ9m61/j4F8LDmbxhtZxyFMSbK5BdUaeR/K9BeWFR7O2Td8BadroLofj2d+p3Ayqb5ubMruVG1uTUB5WVptJIeP11FQILAhraAVCQIfeI8x0bg1C2Tf0Op9nUmqWCyQBbAAVMrx0gE7d6BDe/8hzXKZ13n1OxGq8niou0ev4Pri5lPUerIg4+h2rbjpwPofj1wOowbtLHQdjkv7Xh672xdLg6TISZnpFDcykhszFoROwI1oKOjwsYHZfZoG6TUhV3H0vSPrYk1x6H/JE0Pi/vJhAax38XGG4watn135H+TU	CR4pydeeQ6U4vRGhTMk+U1xdsSc/ldM+qHAuAZnN2sEs5Clsuy7o2JD847eqrROUX+ik0GpDhq3ibfXdntxIiu5f2ySLnVDS	\N
18324d62-7296-47fa-b5af-a65a4f604937	2022-05-16 09:31:58.017+00	2022-05-16 09:31:58.017+00	29ea1d8a-dfb4-4b12-819d-9e51427b5a6b	wukdZkhCSWfspddxoStRyjKq+LXkZASgRx0R+FVXg0SK5K1zJOWSfsjWmBiEdTt7CLu1FSNOrDKCQKLq7PVEyoXrpcEyV7b7sufI1l66W4GJv4EbckJd2FORk93ezSKJcVHtC9X33ea6vxzzB+HHQMf+qaUyW+02ejXU7KubocFagMhGmnGZcdsKOzcbV4o2w5f+usep4E8ojQlGhxXGSYoVL07r4XMfCs6tvSTrlBCm+2tFKDwxiU8TN4LzkpsdKNQVYHdHNaGdqNBIgbHO+g/mbeo=	YD8ues8/9Tnn0KjJY4/LzMB9BCg7oJUzvvaySRUbVmQSPqH0s1auzdsYIpKRdYNDJyT5xoT0LGVwYVe75hRKZddhcsu9VAtX	\N
fc2d977a-f1d0-46a5-8d41-d06dd6139274	2022-05-16 09:31:58.173+00	2022-05-16 09:31:58.173+00	29ea1d8a-dfb4-4b12-819d-9e51427b5a6b	lOQcMzQ9YUikHCECGgB+kUQUKJmYnYqaEcmbYYxU3j9QKCWVN8NWYtaH31/SBWu64G7lKut1v2oAHeVFZPyaKZouoTL+JhCDRUloEjrqLar+5U32X6ArF50eX+zqCJN/4iENC65qAb+O2zGzDnLjSOtfOhm1rVDJs/50jftRAY2x1dLIk6IwSw/kq7YYQePZWITLb+6KPR+d2w/KeUWWHgIl/jEShlkyqeBVQvPzJOzzh6m+KjJSqqIuafySxHoXSp/0a04XAdP3EPF/8jrs/owVZxs=	pcxhlItjZ0tO3sY9forOeuKbPiuKQ5HCLxKyJ2xfaOOLb3kfBG8K3zy3Kdo2MD7vjBPN2PV3w0BxD7tU+t97KVVUsSxWIMua	\N
29d7183d-fdea-44e8-8ee8-afceab7d5580	2022-05-16 09:31:58.318+00	2022-05-16 09:31:58.318+00	29ea1d8a-dfb4-4b12-819d-9e51427b5a6b	IQSrKDUA+Pfen7gqt8z/2kg9XwrnC7VSvdzdWKuoyPZ/K6MhHjJ5an1Csz6/v2a/LAImoIIu9aPUh4HLzibvpIPYQn08R1X+bo6dsL/QENgXHT8COwrl1F2g2CjY3ldhiyC1KZoPOPCoAxayVAqJRiofbCchxEqxtvKndO203n/nuKGi8ZFMOWsXiKnqlLhXULBYytDh1IbDyXu9iXvXxuEU9kJRY/0XFNG+2aMDJRja0YT+y7KORQaEWSmiyQSJ/YXrtXF5dzlNftgqpilN2cSy3lM=	PaJfbHHgCR8GCjLC+FKPOWsx8sOITC8oTh7mqADQXBbms8cfKnFV2PMZT5o0kOLfqh1112QqrIvcRw4hyAsmsWv1FLS3tqPM	\N
c18f19a7-3825-4559-bf33-1924f9dd282c	2022-05-16 09:31:58.455+00	2022-05-16 09:31:58.455+00	29ea1d8a-dfb4-4b12-819d-9e51427b5a6b	q/PNEAnN355kq+pp/7/OgWLPS2FcrjZUzWdgSAlUADhwMX3sjg7zE8G95NjZJ4baHm9PKdGNYTBH0q6z9kM9LWT6Wx9dtlp2tK/w5xZ2T3/2sIJfvSo63IBwUmQEgU4Ns9eyEKvHh6EH8RP5bipK87SomGPHxRXfGRhoZmi7HoUv1hO+FFjWWu3+tv/PFKxiVOvhxfXMi3c3I8l/4GHynZSUYpMGVh78fnjD/M2oZf+OZ5OtRxzXjbTlTTlCTsgXTI2F4FAJj+eK5xyLqQLVpiCpKqU=	NjR5GXsVx29Z/C2JuB7uEcN+Q5Z5KDsusdfq9OC+Rv4iF8Lr3V1/4Kko9GG1vii+uHwNeTqHXoWi6CUa+aJhaWFtIbZvtYiW	\N
426fae39-e312-4645-847a-d356666c879c	2022-05-16 09:31:58.616+00	2022-05-16 09:31:58.616+00	29ea1d8a-dfb4-4b12-819d-9e51427b5a6b	zP2UKuCvS7paB6pn2tdJUqT5ckBEuRybrajG0W2EXjfJeRpoablfpcAbb+UGCAcMZ8/r9g29YqVtwOP20augA6EbY9mMvBF7E2JU3G8GrXcjSRBDOqTmhUhgC4I42ElE4A/+lhMuUot14eWXFPYhlJzsrw/PCH63CbKCWwKqI7dBuNp4+KTZJNI4M/iq41lNB26/iCPNgYTnrv8CidJHZTtGhzx6mUdodIAn0IB3h8yuNlqLvKXdRzKjL7Tb9JQhEAXEpnHw1eAWh/2IAEhPtGPtl+g=	mrNJWUMqCzGCYUWfmdIRS+/6VZyuN8NrTjJL99cKTvywO0njZtDhPkH7O32yh2iWZEcNJqBFfBoyXavE0WaQ9svZ+Slpf70Y	\N
5ca83301-7a04-459c-a53a-ce30ad990f39	2022-05-16 09:31:58.83+00	2022-05-16 09:31:58.83+00	29ea1d8a-dfb4-4b12-819d-9e51427b5a6b	JJesq/AQlaHE+hpBA5a1E0AIlFjsqmbyqpC89yWirD8Edp0KjRZ9yo9fLN2Qj0x4JDaGWzFuJhC+v8PuktaKIh+oIHm9Lv/VwRKqCOq2LkQZM1/W/buPKfdfgoQfSbiapMlVIG3t5nuxPJOmdpVTyLypU//OAV+InbLANa9Y4Kxif+GQBdLW3x6/GhRdBSYhxzGkwPL9+aSxgsl3rIPKlmPH9C2TyEs5ND0US9ZQXh7sByAPtEL6FAyS2B2LkTOKOt1qYAVT6XDikbT8f68mJhirDOk=	J5KKvGyxPX5hcBAHXRq/rMaQXFba8NJNqH9oEQ/rZmxLKF6SsyCeaiM9SDQ/m2c38rCrZ1rTfB6cjIYcCvUz980GzCmOUKUA	\N
1dc6a28a-c1f2-4fe5-be87-697ee1e40f51	2022-05-16 09:31:59.02+00	2022-05-16 09:31:59.02+00	29ea1d8a-dfb4-4b12-819d-9e51427b5a6b	4F0zdM+a03hkgJxsIqK3dGQXiERk5qb8UM7zqp11tGN1vD/CVXUX/XXpl97jHwcx0gUXYZrvL8qamEhXcLfBNpUrrqr5T59oArecB7/++Z3abQQhwcT7I3pYRicTt9Vo4ddz8+4unH4pVmrPIb0aL7FyDahdkUZ1oo2a60JlASizOwioDSERSzmR1pxZH6u2x1YnbE41Da4cb3ul7noqzdhLHicB43+wYuZjLO264tow6jT5XcdEEvWJgJpyGnwIeBBvXrK0NkBTM9UoelpcQpiWwlY=	I48Kx1Aqa9wWIi2p+3RDPFQemgIsmz0bH2ZwBT51xAbMExz78kpn0TgWHi29VyWvvQ1NOTwMtYov4t0mfw/VgG2Ek9Zj3rf3	\N
8b11fb56-f2f0-4131-a08b-47e67a578748	2022-05-16 09:31:59.139+00	2022-05-16 09:31:59.139+00	29ea1d8a-dfb4-4b12-819d-9e51427b5a6b	x+n3QFox5Qo4Fcs4ZtzVeYryUnWscXHJU6EkcStNM7Hrt6fmBZGJZ9oFLD1Bga9A1cJcJfC6/MkmLQYIBGdfJv3TJQZpmRZESaRL2RI76Yy4akSH6kgbM6OW9D1t31Ivqc9ewlTzU5iCOYD0XDIO99VPJqh17QXCurTweoOwZMdVdoE+RKPGYDq9i+HKtooOqf+Z72J3I4GDlXHyVdJWFoCCC04DQxWi5E7un2iVvfTzRFB/a15HaFmCERcHm1EyGH5M9ebnm7lA73s1j8pIKUFh8ZA=	jWcb8/YF4fmXxxe5eQ8LT13wfMXybtamEEzsO+J/28bbGiiCfNhxIrnptDCtVvGNOttn25y6xUi9SAgxwsZvH7ayq+jdXQIC	\N
7241ba9e-5cf9-457f-a007-413512f15990	2022-05-16 09:31:59.309+00	2022-05-16 09:31:59.309+00	29ea1d8a-dfb4-4b12-819d-9e51427b5a6b	j9LCyJB6n/VnUD1dVJQws1vprMdjohangZWeTeblvpCd58tCO3wLIO/5icAiHKkCvtoPpjOdN1DENpJqOCGLSS3FWDk0q5ODm0DwTgHjKivj1V0V/lxOXe6gi2mb1rh8P0fE3xS5Id96goIk5ybzZzFVZMkixV/YJn+S+CkHM2iP01jQ4oXbPN/9Phu+inZkFBTMpUgby3pRp8ChCILbFYv96s3mAnk2RpkaG1J33keXhSDjJ5fc93X1Y4weDMYmk/wnoKzGfLeBMyHx5pvheqOH/+s=	giRDvNcp0+gVQOb84JEkyuR7geUeuWjp99Q5wFU4CmyKn9JPPbw/kAST/3ygZaJLlRuhzxJcZ3S8r/Sv/yriLI5dM0ERE+fb	\N
5a5e7528-63ee-4966-a3d8-e374cdee25a4	2022-05-16 09:31:59.455+00	2022-05-16 09:31:59.455+00	29ea1d8a-dfb4-4b12-819d-9e51427b5a6b	OHmsNQYKrUx8q1XBfBponvPCG1LC5NDjSSQUtICoTFEHweO4ZB47oUkUtkcKnHXq2Re6SbL6U1GPRPOImyMkZHx89tUwi7JczMxajNLV/4XHWIyWxni6kA03jjWiiCnUpSFMCpYQ2XyjoYHPTn/XREKndbbkS9Ti/tmXwGQRqy0LECu0yr8u0XMuij4poJqgiydW+X4/TyAX/EVqE/49AE5UyB57bStan07ErOeejklr1krKvVAyvwn17u7QYVGCmQ2G20S4iOzn1gdppsVAXDG9Clk=	d6nl/gV6nhuELMaIz74r23e6j8SAPdmJwAenZBusZqflrVV6fS+0IJknIx0EtWZG4DgJ54hsavJYnECDtnjzmDYc4MdPjN5x	\N
93e94555-f77a-4a5e-9026-c2a5f5b7e9ca	2022-05-16 09:31:59.649+00	2022-05-16 09:31:59.649+00	29ea1d8a-dfb4-4b12-819d-9e51427b5a6b	dfVOdtjZ+iy3zUd3mqkHn/TIplQasiPhy62VWHhQ0Wg3B1DTc21aqIQYHWHiIfmmaOvZW17n1JiW+p26e3DpgAT57vaddR/xKOoTFQfbf4nZTV4pQdEZVxK3FLgbCd3jSmL1QHOnR1R1CI/G8X2zBdY7DQdyvhnGQ0InJnKfJuO9Qjxv9iBioYaXTVfusPkawB2YAxPajlMEmVJe4JFJtlYiZ2oOeFVet+PYMLHWWdo/NWZhsJ9dMpZ6HTnzYKdh8XwLKoHzVv1UIicqW9E2U5Xb6qI=	JDk5z+35/XRAXQ9ER80EQtDWk12xnY+OW0dligycd2GLOLx/74duynsv4CIxp8asT9MwPWO5yNSf32ctTg5skoYy3mMKN3x8	\N
9474b664-986a-4a6f-8aa5-493c30dd50ff	2022-05-16 09:31:59.797+00	2022-05-16 09:31:59.797+00	29ea1d8a-dfb4-4b12-819d-9e51427b5a6b	xiCGwcJLvgYtSJd/gE6YjiudhV02uGDZjMBrvd7XuIwdVV6OQV968L7NN/EQzvVOjNWG6Y8NoUoPImIpI4/UZSY5in3cWAr0yE9XvXWPF6LKHwEoxMkcdwsHc6dvpaw+asETy/+ciVckxmndCqj/6cQOuqtbjOy5KtdW4uqwtx0TD40VSux/VjoGS/ikx54q4rLO48EggyQJCQJ32IgyXVTspMR8OjFKlXxD2+bJtWpsU3FaT3677FG2ZdzaKxmF3F//DYSiNEaAHXqBIklvQ55Frwk=	VUhaxmQaiSMNLARUJ/H8gO4WvFI9Kgm7xkfSVoOtJLg9HNyMMCxJ0Pt52HVfpspoIUB9LC6aQqOIVnQvxgLcCjSXXqNXgOw4	\N
d2a92da7-befb-4159-ad48-8f0f0e9ebcef	2022-05-16 09:31:59.978+00	2022-05-16 09:31:59.978+00	29ea1d8a-dfb4-4b12-819d-9e51427b5a6b	wBGdBJcCU4AFlr5WlUgePv/ljjThFFUUr+OaH3rrIx+mkd+UNhVGAF4+GiqxS/u8P6dtlcS4YfpFiGYdFLxrU5PBCRHm1qgmUheSqJWwQg5ng2QFFf2PTW84NEgIhmFnLu/hn6/6493LZ8N3NiZZYF5+rG3AH3qGjqRc7w+a1SP7OAFYxAza9+NSaqOqU41KZ9TkMRXbcza7AcqPK24M2984/hkBk4W2XgxxKESDT7PSt+xD6R3Xe5KQ4wNawzZtP4LDrqN4tachsWgtniQMc2/kpH0=	u6L4+FQEEvng2n6nvSEVFvGeQzw5LWUA+UiBE4dQYCAJMql09ijRvEDepzvEmA6TjP2X8FpWGSBgZqk0yxT3S5tjvbVkYhQv	\N
7201f6df-6b58-423f-bde0-284709dd69e1	2022-05-16 09:32:00.143+00	2022-05-16 09:32:00.143+00	29ea1d8a-dfb4-4b12-819d-9e51427b5a6b	xBx3kxDkHaG0bixexFF88MR5x9RuvfRZhcl8nfQsdX3IOJNfkrnMYJYNE1GobxyBdc6Ku5vcYq42QUy4Tit/HjxFlD/5MZMiOGbx0CL7vlD1ZvR+gvSe10gH3UMXNt7MDx4Xn1QYlmHhhNd/xAdzX76wOeL1VMKGF82tBJ2VANfkRo8r1/sAN0xQi1GfVOF5IFK9sne+o9wMvlMiUlQSljNPRQnEWwfh5qE2q4ixFJjDt073neB8Hieq5qzy3PgPXzI6ybpMbQDMzoxC+oWEa1+U9js=	+wgTPHTrBYef+sKcvFN1ft6mWCqQSH/UA12eZ0+NfAXAAj6Ad03yheJWsQCmZroXGoPOMEYKH2qNvjLc/ATnTpmXo0yh72rm	\N
9be7eda1-fe09-4b47-b2a1-819cff18ab12	2022-05-16 09:32:00.289+00	2022-05-16 09:32:00.289+00	29ea1d8a-dfb4-4b12-819d-9e51427b5a6b	V/CLYHL6OxysC1iL5rGxm6N7bRtFSG6nhVS8ncLOs7GQxEWD1Yve+oyUD9k/LaIunb8RORKCasNuKVlGYVhCMKftmiPFz7wRSSq26B5LeL7PNpNiNwh30vgWzpJsltR2i0kpv5AZ0OsAKFDw6UzxTP9BxXRGRzU/ihYhxLt/KcjzOV5VR6FZTciO9jlz//94p6tXDPUf7vHbCIkDkUU58fRRcUTRWr/BcCGP4siZEp5b8CD9gW5gNmTGHWAotL5dzFWVoUEta1YeJPXvYY6J8NT3Iuc=	d+P24qLaz0rLvxmdhGRF44i4DkzY0G3uT5cx2owd+y3wD8mwZxi3byMGFAmP/rKQ+ot7rd05IeSGg+bLiVSbrAFO9CaHeube	\N
011cb5b4-c31f-4c71-b1db-f2f79d4b9eb4	2022-05-16 09:32:00.472+00	2022-05-16 09:32:00.472+00	29ea1d8a-dfb4-4b12-819d-9e51427b5a6b	cBOR2hRHSXUjvlPCQ+6hxqr2/dzk1y5km+90N3f2Bc7twkro4FBXY7zIC55rUqJGDwle6RRmuk/XyrvNMOtB0jJU52bFtLFxoRYJW2YiuCNv4bQRjyqeuBCV+h0VJk5GaFz1f/T4vKk6d11cFVOfLqlK1Os3DiO92GUzU6mfUqZM82WiQLpMXgisvHS0lUp0kE5UebVUbEe0cem55mn3lTh3RrKYYzJi6u220jcMncNKYJJUZxSR79REa2h+CRd1yRvqqM4PU3w8gSucHv12iijxdgY=	RWTuQ2SxGirExY8rFkR4gGKqyyo1qawlYUc7qdJxlZbZmwUopntg0YhADYqkeb88TBW1CvPGFTFNpeBHTStIe3UpQAiQgB7e	\N
2a397b60-e02a-4c6f-b0e6-09e4ddda598c	2022-05-16 09:32:00.629+00	2022-05-16 09:32:00.629+00	29ea1d8a-dfb4-4b12-819d-9e51427b5a6b	4V6oVC2h3bZbs8aTC45ZQgBXv2RUBmIo5bbsntvJkLy+CiNltlulzeLPpiFSDyAuyJ89IL0Sc4vXQzR0ihrdRsYqSsCzyOgVVmNe4UjG75F1pKyEs8HCdKMrgh73t9qCL3Cv4+rcQIKPvwwdZnTVOGDkKd9clhCG7ysHnmAL1PQknUs1yWb1TJIUrQk6smn9Cjlw+s2Hqekf7JAWPTE3kmxZvphlmCXe1q2PRIR/l10ehezMgYpgvobizBnrd2yoZz+5o8Dt4q/OWIxbOizgj71xXY8=	IBoCTtQhwh80uoRFhxpsostAsvW8EdUFLKF5ji9QOUd7GB4ORg6Uc+heWdxZUUaCb5+XYi2PTvj5Dyd6AL6rTt9z7c9fdvB5	\N
d1c2d186-839f-4642-90fc-ca91257f5a42	2022-05-16 09:32:00.798+00	2022-05-16 09:32:00.798+00	29ea1d8a-dfb4-4b12-819d-9e51427b5a6b	jFRriudlb8O6stbcfqrCAUCLr81dXsryKp/VXmyPSEfryrJ/xZPk5jYu32Fard0sc1TfyV930ak/m99Oyfkh9o0L8w1Gfu8JR+CTc4u6KW8ZQe0AalUw1JT0bNYBUcQhTLb7Zxra8uPRrPlHNqNLhMcK7ZM+A+PR+//lO+OiCQpbO6yTbWJpy/7MHJI0/+xWCR/A5jA1pwSiSLzvsL8L205WiJpcc2AniwjJ2mgjUUl67hYDu+hVBmkDoJDXJM1wdWmISJ+rUUBRpVSF4zWbGCpMQtE=	CwB1VAbMj+poBHCjAyAbaHNeCZMS2WaQEywyLwrGbrwnxOca79AL+HGRZ6osbubh6A9w4OGYfsy69OiBB3kL7gmcERXRiO1/	\N
46378133-1c32-462b-8574-7010ea379e9b	2022-05-16 09:32:00.959+00	2022-05-16 09:32:00.959+00	29ea1d8a-dfb4-4b12-819d-9e51427b5a6b	z+mEEby56OmGCFiRSuty3/6C4MmUs17pvxu49/QRxDjN0Wu2i0FhtY9kYyP8rB0vnxCvR9SfSx2L7GxibVmd6Jhfvy2U0ERtI4GsVEkWtomps/g1JjSof5FlYnUAqd/ijS1XrR2SJz3l1WGNLsB3S4L2F4znx1SQFYiPjHSbZMPGKz2lbTtV4TH5GRO43/VR/3dIk77njWPu3Satyt+8JCJIMc2/biMZfj76xkkl8DTNcli5ZNXMVMYX2MYGfUeXl05ruUyx79IQ4mEVcE+hOd5rKTc=	C0Ez5WFilAH5/tmTWA5IEnki/Kj3BPAL2KwbTHfaobUBtNLZhtX8INwlUW4FH96zgYOQGVkDa8mhMZAQcRC8VnnlAc7j6XGA	\N
a2a4d86e-d312-4b32-b801-1059613d713b	2022-05-16 09:32:01.107+00	2022-05-16 09:32:01.107+00	29ea1d8a-dfb4-4b12-819d-9e51427b5a6b	EwvkyL+G835/iEuja6fkhmyf5SsdbZS1BBjMo6VZDYpEPsiHMq+pMj41L3iTIUhwenuyYJHcrAFXkBXbpglq+t/jmVLTU7He5fJC08wYuq1t/H55qrlky4DIjW4u+vjpGic2wu6mo2xRaZjPR5ZCqkE7Q2oVNXe2jiwUaVi2G3RAzvkO1DN9Bel+aZEX+990Si13Gv2LCIH4qItm1hD7ugIIY2JTHwdaZwprILvuds9vQuCkJ25TcQztI8ndvr93pze5Vc677B30IZyF4MLb8jN5YwQ=	4zRtzjOz1peNNSCmyQsNeF/JUWAdE3VKIUuS+g5KiUAK6a/fSMxn8G/pDjrupOZvtU4NZwPZfhFMPdvd746qn0oFJggNG5e0	\N
5986ef92-bab2-4f47-8a94-33f67488086f	2022-05-16 09:32:01.282+00	2022-05-16 09:32:01.282+00	29ea1d8a-dfb4-4b12-819d-9e51427b5a6b	luHU/HOvrXoeKlr8/wAwiJMER0NZ76yzbUzvZTaaSk1m5XuUbT1CYGGMg/mD3iaQfPgNKROtQI6Fv9cjTFFlO1AndJOxz7+0hARCqIJYFES5vt2C5J9WuoRv5DYSGeDWRUnGE4MToP0Xw2Ytn77ExhwUnZJw9JRMNW9lw/TuYij+emEYbn6F/ljsXqM3LnK59mIPH8+Ou7ALCsZHzN7pEPIVYGkMiaDDEWbeTFHl0xK5L2WOnWKlS7Qk+YvCclkDYYWk743gj3+bq/YmBYdGe0HWL10=	yxp08kKmjJK1ej7ZDKaKSbRJdUHsSG6R1i46MJ2hsGSTs0jLQT0yD8okq/7o+KfHn3ktVxsMUnERakPV2J6jTs37dNpljjqS	\N
d370dcf0-1ca9-4ac0-834e-40e67de62597	2022-05-16 09:32:01.501+00	2022-05-16 09:32:01.501+00	29ea1d8a-dfb4-4b12-819d-9e51427b5a6b	81zI1RwDwq3SRXkzlEE4ZVghDI9VcAHZzyogmyGNRni/dBbQx7+ksTKGhNtWez6yD8fEfLEQhfjfpWKNL6294y+L4UfMluy0fTocJQoXzgxX5LktbsfCNishKX1z8V0eUPL5H2L6VgG1xmTGMBfAwAR8DsgqGq/3KWhRIZ1gGeD1gPzCRQw4aErUgODMRjHiPEJBYkARg37ehiTzUQ3rB8GBRL75G3iyzfCqL2beRVX+wWBY19RC/FEJ30Os53taXDsg6k8JRQo8OX3kAew4ynDLaDU=	jRLPFkwifWlWPbkIvA7tZSR67T7yvqPIK10SH40bk8VPrwJzZE7KaJLgHmqEDQH75Hb8zSyOocGhch5qDzwGlJhWQhVeIFUg	\N
\.


--
-- Data for Name: Person; Type: TABLE DATA; Schema: mano; Owner: user_feat-pen-test-18fpoe
--

COPY mano."Person" (_id, organisation, "createdAt", "updatedAt", encrypted, "encryptedEntityKey", "deletedAt") FROM stdin;
b4f176e6-d6aa-438a-a5c4-b5932752923d	ea6d308e-6956-488f-b299-fa0b2d7e37b6	2022-05-13 14:45:01.297+00	2022-05-16 08:41:42.413+00	bXMffN5ZxH/VqVgjpsAnyoEGE7v/ILqM0x6fq0kP2IwMYY4wI5Y/BZWidK3ugvJaCFt1MlbTHG+ZCLy3CQ2PaLlXDBdvrxKwlDuPWjcPgWaf+5LVKeQwskIkZXVuPibBNxnQeOb1loY/W7exq2oEIxWO8BPYtrx4EKu/6DCIBZ2ifk0IeM9NdamuyD1+NOC18O1QbeX1U7atsr28+nYNkU/JrZyoxhcGf1ccnngd0QKTMKADI0WSw4xiPAoDXUuaKVh7vdRryJ7YNztbSXrLMzMgNUfHSs1WdXrHaJ6BAmjKhPZoG3M2UHlxfOKv9bRP+ftGkTRY86k+/+7CGSwB7qiaInS9sZ5myC5V6Rmga3LhQ5sPHKnOSouWyp0mf5q5g0HusNrPAAbBTwUUOiRKpCsI/zwho42aTcBCDNUZzS1fI3pmRTyH8cd//z51RXHEmfM6Tf87tU1n8cSypuDd6p3PNx6NJSWsoaPIWjHfJDWrZUYhNLYZlGxCfk2/dqZyWK6OUfkVH1U40MQc1S48rj3cOQlX/7c8ScjD9DZpmTP+H9jE0FhYgINBWxzpKGvG2owpW6ApHjjwVVji7ZDEFzyajYSfnPd4rq8yVGhMjvjovA+Z/GmeZflfN1pWZ854sX4vVuGm7DQi75NuCuE1ONjdUPZCvKf+pb5pyaDmajRIoPQ5OGJ4GyArB7W8aDcOBRTONuKiXV2Gs5xpSRUMV3XXydDVFB3JCpHPnA8iKN3Csjz9i8rrs7njo1S9kp/LpWqfjnQZXNkn1bTYZM/x3n80DkSxmmiHkYSNN860P9lYsQ5n5/4LjSosGTgQ0MUJ8/ykDokMdfn2WhjuTCH1tk9eUkdt0Pt+shfJPY2gxXkzwQIVKh/5UwLQl5OlseUKhoYDEJOoqSMs/+Ap0eMLFSK4Zp/311Mave6Sq4FC6xwBFoaMxGSdfk2BUe9EJFNsMohjb7gNEJ6exGsil7IKLuezbjHhRAzpYiMMw2sMc5CcVPOUY1OfBltSzpHGupQmI7WgwHrO1rsDHbASi6+CH3JH0+8popYiEc2KBEEzQ6i2pkQxHOTiyi94fk/lsNBmEdrwSbAXrJZlzyLukvTYDV8iikU1vVA2FTB2VIs9JvdhTBWCDopjZroaEO3VA7mSKXczUWg9qQeunRZQkj/KHnCbQrY/Veo8xZEGtrD1ro0LDCSewYHi3kkWGgoe6jm5P+JYhNr+0rcsTOGoeEyT9g1p438DKDBxs0Xj3CxwWSANIfMSj6EjwNySc9BICNiy/VNjep2baWMXLzE14/u639qweJg9sjkojjOr50IkgC3Yt4UvwLDGPEO/3pyn9yqYim5S9d40AXj9X4cPwW5sQj6/zhJnVSwg43jX+QpyGCX714BDbcD2Xo2u2mEOWRtykp/2OpLJGV1Wsq9/0F6RU5Fe2gaf2p/blRh5HNFmhnkia2XfgEz9f5DkPyQM4Yeu3vUkjZVsGGwIIGbEjxylJlhX9Oc6FhYKW4RE2slu/QHGrOFN9zEyqxdif0qut1u3IhcyOxE3p+ZdZ5VnpLdUsqHLV1HV0o61VGpJuRX1jeUwk415SZzE3z2ESyaFnrudnubzGqFw4rM+Ra/XTNlH44dGCVsSU82OlPIrGHSzj5i2rW0ulEq9mKMtj/JDRdwG	Y1Uokwml2faOzrWQ6aotoNXZ3i/ON6eVqbJn9HB3AwN247SUKhfIQ1BW7kxB7m3fdrqDIlU3XeYAVcEl0S/o1uB0pf+uUjgQ	\N
7ce9b64c-16a0-421b-8cfb-2427aed4450a	29ea1d8a-dfb4-4b12-819d-9e51427b5a6b	2022-05-13 15:45:10.791+00	2022-05-13 15:46:32.765+00	aXFX6eHQ+RTcQTKzLAOjY1FrBSHjb/x8pNu0cplj0TJv4G/FsYndWSS5v4T2kY6h/unboXDVNxF36ve3O9kis9xwX71HkysgPVf2XCpYUdLB4XEuilI+fWUdXOnR9kJc0Jgk5r7quXebXYqbr49MWVsS94UqLnP+01MA3TkIkmAx0bnGBumUKaGOqU1CpvBt730NDJYgj/gEWyPKP5Ci9r36PGcgzWhSk8+/6KPZqcys8MyoCHRtoXkVd/knEDOtEnU12EyVvhi5PB5P+OEeOjS9HcwPFZ6UMaJXwoWq8kLUfjQ76Ne6ydRzCYCi5nKCpHBRT9LIrexIOw7SibAkMZH8adI=	ot/qCQnbOOA71wvqmRrwrP6IaucUfL+kBQCmYtQj+GJN1R91jQ8GDkW/m4ISUTcL7Zve0DXMX3y37NFrakauWIxrEg7Av5vg	\N
a95d2e85-a6ca-49de-b2f0-3de574cdd8e0	29ea1d8a-dfb4-4b12-819d-9e51427b5a6b	2022-05-13 15:44:55.909+00	2022-05-13 15:46:32.767+00	b9MHgIrEWNNYWXRsXXXx7rmQF3M8i5F3KDbtWnE33W3GD2jSgmqoxqDa1+MVHdIshZ65FuGCNgEYoNXNd0KwYH/jvVcr7awQ0bTHjN1VlK/jOid7wKP2yR68oheGUgpm1XCwh1P6juq2xOGFz6grEVwQsVnCvHayv81TdN5CFMJTq/1hhyJ8DWydh2zXafs6saYm2qHe7KrR2KeQgQFZhZxBiyDiBiN8JAnNqQD6vWYVTg0R2gyp2wpRZQjVAUY8fqDN0N6gMy5DRmrR+pUrId8QGUgOXIcloW53pB/6fUp8AMBbi2fiQ0/qRGK1jueKc2GszRzVIdsW8LjECKBFS+sulRs=	bEpNmOnfAaFDgcUHubiu1d5gFvb+28EG36yAzT5eMSKcTvKD+3uV31Qzl9vBDlKUTX0wlvj3fRLzSk/jNVR5wIZq2CzT93JD	\N
eb8b0996-7326-48d3-9bd7-501423512e42	ea6d308e-6956-488f-b299-fa0b2d7e37b6	2022-05-13 14:44:40.057+00	2022-05-13 15:50:05.546+00	NDDCn3vuLJUD0T0caDh8DzVgxx5T8Ml7gIJlPzipgt0/CroY/gJTgN0bb2U8OisR702Q/nhVJFWFdBI306PmlOU7UE0uyTUOU8bvZDk2g6vNuaV58nauMoVXe26BzeAyxT/LQGyAR9dFbaPNMrpoHLHIhGcYYOo7x7jALWDpqQuH5mysYzwmkOEOqt0smzIyidCMG3+ysfTjU3AHSNOTLOnJzAZlb7CGWrGeSmgYkewC0gN/rQ6fE4DI1HzapQ0s7wZea/mtma5tqg7m+WYsQjssoHLeNenDDwSj7DWtvivH87qBVE9BVKTiT0XZLrKio3WVvynksdFfQJZ8V0RTuA07mXs+YAu4733Ezp7Ju/qj1zboYh/B2CiRQZL193REz2zrNnpf8ZIiV6sAolVGP1qSUFFKKCXT3azhO6o+zWnV4/8ZwXaHA+FQEbWyNJQMzM+eabpNyaH3kkFjwbsfOhiak7Ru5NGEI2CyzIrTQsK1EkKLR9Z5waO5MLXSNSfQRwlF5kgqcQvixzakMsueXxonXwdxu5zyM1crO6GqHsZ1gtUa/jSZ+kJSl4a0QdqveW8xQCxPheto5fn9Z6w60fzIk8oKdtiFh6M47CdyO6da5KPbpYYhMUiIflMxtWMNjno09+/fqyKSyTGbJWRuIw+TDr3Wedu9h5omUPMGvk4fYKHH9X1qrlNUrxBnfkYuot3ZbiwXEPzZI4yePgD6BbtrV/myE0nepYnXSgdx4Wnt0nHCtivv3Vb3OzXP79kyVYp8s0PwN1965Qh0RIPpQbNHnXzACVqkNS7H3DvWRZGn2wI1f2guQUD2m0dXJHXLaiSO8A2lM3WEWYUVdHYCdDoUuxc7wZmIolDnynN/COnMNHv+PMMDlb710Fxz0pyXoHuMje+GzFuPzGl04uATTrnu2LuPRrT81F8pp7BGxCVIW/AEn39vJo1xaokuG3Yl0ay8BIaW/zljGstFHRdtps7bNkKMWpeAJJk1EkSARbYhDfDyanVQgAqmXUdR9siVzfnL5ZtTdtn7EgrWh9jh/bX6W6vkZfaHs5FQO5dy/g8awNivnCXqNGzewL16acRNoO0zGd5nsRPFoxQWuu2s8mni4Os1H1Zs7oum6u4fUq0/MC7BtLlwKi/+nQ8LZ1zrJOI2/zM4ehmdFumzce88uUS3SOKmtqh6QCzopbsLFeNYHRii/uly8qMzk8bVAm79wJuaTlzCtyuGP6+dEGP2ePn8kA++pHtgcBbOSIxcBps/qR0sCvGRjOb4hEUYKz0yOTpbDKrjES0KRM+YH4gLfGzdYXEcIZ9ene7S3G84eeOZirTq/eYkpWDOw8IspKOwf2UjVCaoNjJncch/IHSo8V+3qcEAt7siyBJPp+0oOq+Q4Tet8dd4JagqLsIB5D/tcP62IDpm9qmTY6gMBW9sApe7cuZ/cHTohZDbpMas+hm50pzwbJned+kwghUOsl1BH5iZLGFOOHoGexdwCNvIucApKEz3oed4xEr1uvmkSFK+bcisEKRd/Jrs/Nx+JIK+du7GHQ==	KmaFVBYrr18KDZuaAO7OwkjlTAFJfnsRNekbr+WhgLHR6mi+7ENpLsovw+RYUmfQx1TRMyvZPys1B+z0AmjpDSUJWFnSagKB	\N
2e53287d-2779-499b-92e6-c4e9456f052a	ea6d308e-6956-488f-b299-fa0b2d7e37b6	2022-05-13 14:32:09.959+00	2022-05-13 15:50:05.61+00	/Iu+5r7vPQ39+m5Y7yCNvXMtL0nKxCliPvUJcdl1Da1DnQKns4FH09CFsIDzaPtKuVE4IZBqL1dq0Nfc7tuRKgbV7AtzzcHLHSCye2vC05ZyIywlbKQVWMs1Ijuj2IV4DW+6yxu5TwnFBxuc8xtP1zb0jiJSBrGJtb9z7et4FBF0Zra9ek/hYpG45EZWXUi01RgWfnsrnufAYv0vvty+u4dEUTshxpITH1mQBQq2bXe4xh6iP9occMxlNPfH7q/hHNen/OYrrazbrB2mFM5O33eQX2J3Yyr26uLCrWqL3ocXOnI6NYc77Ir/245F8RnhmXf9G5Bhj4oinVTiVdEMOk060UTEmPiJGzLnkZUidLA=	btdX1bdtZlewfhrGyARIUOewCZRZy8cDbL7LcMTPXTEpslJzdwKarPIIhPTWIg23B4mHEeEt9lXxJ7uAArH9uMT7FNvilI2W	\N
3c7b3f25-9c32-4d8f-abf0-28a5d75a592c	ea6d308e-6956-488f-b299-fa0b2d7e37b6	2022-05-13 14:31:07.554+00	2022-05-13 15:50:05.612+00	Unui9TI1Ne0eIxS89lvyja6hFGSOBepqinW2JJtNj8dfan8sGyaTsXvQExhvwa229D8TR3M54R7FY7lpav6HbLUg1OGDXPjVmwlXZTrAZ8lWA6OZSQ4TBO0AdnKK5epoAH3rj3BKWz4BYCN5epMNXoNAul6FyDzs6pNeh/yKLcAhjbt1AR4AAS5fe2wntWw7XxQRFQ96nXnmvfxVdu+7XhNtTuY8QOmEQCfeg4QkaXz5xBBZCNXe/lxTQ4UseFpqru1FsZ1bJZWYS7u/8oIVBvOxPWWF4GXtoKMfXWhyH+UgT/sIMjH2riNWHi7vT2hBKeN63oiq/wyCWSjMPqlGMecEvxnly4jEshcDSg==	7iS1fINeH0zL3d1bAM8V++iyidQbvPlvPcMFldK6jdVTDu6BOnO2NNqRGVQXik+v5PeWHnl9nlCz8QvrwuThbuFGKDkDtPv6	\N
407418a0-e38d-4e0f-b1d4-cd6aaa47870f	ea6d308e-6956-488f-b299-fa0b2d7e37b6	2022-05-13 14:45:20.755+00	2022-05-13 15:50:05.614+00	Wwanx4zmTy7TXa4eR3Sak6z9f0U5lBt/Qr6XMMh8Q0gmDZ9BEX1b6Z3r88dooiRS4NSvYFUjTPIzeKQcj79mgJWMDqA1AdpGDc2+QsJrHpKl5JPET9C8yJwqEOgsv8OPI/zgbnkRN2FtsKwhwMSdmeJ7ieTSmwq57VleojQtHbpqv8ibmfKUvGAJZNBvzYwzG8CJOq6igXXYzOSYyyJqiEd6CN95VyZ2gvZ379BuBrWWcjsobZiXr79B6YgjXWPKrPL4OifQPYSYH0zDLaJC2FXlWFZ6Re2DJhEJyZvffZj011IOzE2eQuG5XYDD9TkQ0nIad6ULknh7OCt+/HI7x7qF4Y+ei2pVvjwtpkgJITs=	QyGcOyunljvhF5GmXaC1gme+pBLBFGjhn1FyNxMPmrpJuLgC/7Lp4sz5NiC9PjqCqTTYjz4U/OcaqtlImd0G4UAfqdfQ/VjC	\N
507c4ed0-4d5c-4506-81e9-9da22ed53996	ea6d308e-6956-488f-b299-fa0b2d7e37b6	2022-05-13 14:31:55.29+00	2022-05-13 15:50:05.619+00	UU2d8Mo4RMBGmXq9zEGIiCrmuTjQFlHLTea9cnSOltuCnrcGE7N1X3LycG9K0/hduxlp14LZlHz+/xmsz8Q4LxUUYEyWkno5pAZ7nosdqj9k1OvDoMH9iqW9MLYL+zfXdXrZSElY3FKsqP6f0eYp8AVqgnVhPw1wtReOB/588L+4bNtilws0yBU41AqRYLjZc5Gb2/FvIsy/p48JD8Gw+pnHVbebD9MesS8J8b6AXqxjuZHoi3dLehQZz7Nt23L1ljZS5Tygnt2tqoEIpbv4PzSjkGOuNpMS+yJZnanLOL8RSYxPtbuXC0nUysvTHaW6LhpqaFprK/StPV0A2p4xtwge1o7HdzkRNA9kLSqWLfE=	ug5/xTunNE7dgjUqU7PsIy2zZGChl9cnIF1/SsBTYhMmJEvkU1CvZ+tUCHFjbtGy6Rq+JfrksQ92Z/Ujy3eGnwSyMSbruroz	\N
5ab3705f-4fcf-453e-ace4-188841841dcb	ea6d308e-6956-488f-b299-fa0b2d7e37b6	2022-05-13 14:30:33.846+00	2022-05-16 08:26:05.48+00	Tr/mk3q2/D3GT9pJXGOVPElmaTJ9vR8lpnGc9cr4LUyyRRtfY/o/lfhrl0LoTKbvvCBxp4z+B486ILkPpqE1s8/B4T/J91ARljfPYilH/L+8KRYRUGU8pSQT5kme9aHvCjv1Laky9nNyHgtjJ+uOw8Roa4gPYIlG4L+/KTjc06o9JW6slyDIJazk0Y3lKYGnU5gMfpHQvX4QI0xF+vBwgtwTlKBf5juEB83GNSdSLJGzCHckUxID8moJ2w4WIc6EktQbOakFxiQsQ6Xagr6SwGxWW+7jscHqScNn6qzp7VrPxmLPzCDQ0hsj1envClhRqz7Onc/DkSyDkGrr9lXDkz5NMGNNWuyII+/6hK0w2CnA660kEU/ofZ3SPRw4jZnSJEGB2Tz88fWwPNpxa6dxoSwFVgPOWPxvRGUuXgjlNP/8icqFqbU+oEI2Z+DueTCTHiXU9LrMxB6AwJNKXtxMkg8yEbUwz2L/DaZpjhsOf9EjVeasuK5h3g9Nw4yMm6XJcjG3M85babcD7fwKvfRnn195M0drWJQXGPCGCN23dWasVEJ+punMHT/t+6w7JG03mdlVyOMUy/tUST9Hl1idCZ4WEh5HiTUJ61LCgUOfh7cBIOYH6Nb8O9RnBHriKCLlZLUW/3uxNG40rA4lZT92mme7F9zFtfHTCSZ5aq1/dDVBiuuPycfg+Ok6dki4B2RrS6xbNpzC37LrfOadh7AbVtVwdX+xUVKb58dk4DYzwPFieQZY5VJxXK1qzdnjKF6kxbRxySzmQf8bAtA449ZeatyjPPdm1cEuXbvpIhBFk31QWix7/eu5zFSJWUoWJU0JT0UfgH7ov402053YWdiuk+X6ZBat464F+ct8z9WT2AiKpOtChM48lhDDCsCm+rRRbrpRrgkT/vpE4elKd/sv5ZGnRE5ie7JI5icX8g+v8Go2Zy1VXnSUACle4cybvR4WDRxBpKZhDFFumENqoQq8MueT6CmPMPbKZYYFspTJennEluwW33QpjeIy3pbY+GUYv7qvmgetWw/Cx7zP	8/4K5bt2kHiP2i6Wg/sDfMRxggWByhQs7hYmxRACjBBquIasb06i+rL0D+o/dSu4lDx13cuoJ2xy9tlXI8+f1nCyAMAkqM5F	\N
6ba77b11-b12b-4187-aaea-20717cd90b51	29ea1d8a-dfb4-4b12-819d-9e51427b5a6b	2022-05-13 15:45:23.347+00	2022-05-16 09:35:57.689+00	xkrz8rSGEENXOhTFN7E4CqXzQSqgOjrb4tm+kh6qJ46Y1AQ58tHWv3XGbNKG+yC8yncPTJwalU9MER1jX8Bm+x/f3C6CegvBijEU3c8WjaEv8i6H3WmWUFsCD2jlmpQ7vEXVVfSQwbcOX3wnYwEUgrtYlb+tEXTxXg8uHb+DH/gEQHkxGju82B1ap3M6UPrdUQJNqBIze5kXUAkOr3r7q34rhrrhMBXZTeDtWDwn9sR1Uu6ABnsiyh548MB8iHnDburjEeNPNAIwXwak1ckh6c2GFIL+PjOEj29Xiu1daoPUzNpZqxtkK5n/gH1hpurJubAwsl8IOE4AgT8HSoWsYLOkkuOtWmqt8dfrn4YJAFQM8db9U2PV8fG429VVh8zjgv5cFSVzWkypas8cHzD+osOUyoyUJn8aixVLBLuppeAzR5j+eByFInPozuCfgDWmPrvHv5HXXHYLWcxnbqnk8/2yMLI2ftnWfQyL51sUwJpdM2/iTio1oQGacIJoWEMYz+oShFeEpX0R4hNBC3QTOCpi7CwaHKBouSGTqH36oDPEAm812A4zRpiAwWYl7ZukOFDeJtB9bEEFxi5zRzcasfU+OYkr9x6IXAChEP6L09Whe2nqZ5l6J9SR2N108ARCJugA/cdiZBT/1MiZi4nk9+zvSQ8Rg8SrxPXXJjJaMm82fXNaWwQThnv/DKWGc3nR2Fz1rYMrhTgQegjnuW1uDAUf/qI5hotcuXjh5wMuEfAhPCs4z+raNhtjRZZghGBUJ2aCgnfWotqESbEpNADP470jxEY2M4oTPZq9iCT7e1/YWecp4C8WOZbGTzZVnypwDzb64SEl3E0IuQmu8ruf+Vm2GALYCeEiLjn9Zjaj8vST1Hx4TN0yGj8pgi0D6Zwq6Dmi3Q==	ckrIpUKfOM8SWmRBRVmup6f2ISKKJJzB7s8dKQd6Ru5VJYVY2FKypltCErV50fbQLfs+KivxQpyd/bgnViQ5Qsno0pUaGtzJ	\N
afa22111-e1bd-40d9-836e-128296175fda	ea6d308e-6956-488f-b299-fa0b2d7e37b6	2022-05-13 14:30:45.701+00	2022-05-13 15:50:05.62+00	jFBOAPPcn851d+OEWIPogz2VC+ck1DTyHj0yoYNFl/PqszSDZ35mG2JLN+/GepOaf8AKz202pR0uLHkr9SN0k2EyWiAEZ/K7++u6mvQzRoK3dFZFrq/zGLD0VXiDTOuVvyC8CXuGyNltD08Ygd9WOK4OQa7C7VJObj35kSBzMSYzpL0MhGX+aqSaJXndi19Oi89PBiSaAccwH1olC5r3fNi1oIqDTahKInQWthEt2DYr+loADeDet/cHM2tEEBOjquRguZnDZQA934m3iYmm49Y2FUK3ezxvmjhh71cmY8XtuOu/Co3KLiObqsHv424oyGAJYDpG2+TtgKlkcIWPiJpGNxC9HxBx921Dbg==	q9d+z3iYO4H/PwvRQFGTjN++RBFKnRhnMAISTmiR0U+LPUjZ9t2JRllxMXBr7xSmbtgXpxBRoZVfRAo48Brv7xSiRq0Jounm	\N
b8851f19-d115-44ea-b222-5830b7952faa	ea6d308e-6956-488f-b299-fa0b2d7e37b6	2022-05-13 15:17:57.221+00	2022-05-13 15:50:05.631+00	ZcrAZihuHoiGDCa8Z6Ll8YPGwmx7dQCC8ze5/PQSLJM3wI9xV/Ylg/sQV4IxNNfEIujS1gZyGXdZ0AMQEUTe25ITIdEN7X9dAmxryPYavWug61H07Sy1zU+gqj0QZnOkhJWXuhTP3GvL+zSUzKdSsQH0LdBv/4e7hdaOXaSoWtq+sFBy7tDINb6lY0je/YwB/oLzPrJrmc6t2g6A/qEepIpp2fyn8Sfkdoz5BxHDWC1m2S3Mq50nvoVeUFuDOWDisK09JEYtZWYcyLXL1BbpYUoBCKgFJJIQpTxC8JDhiRySfaT5zJlNyBYSe1TqhkCR4L+wqALWi922F8rIoiCgPjcWlk9VHsakllZpnA==	Y9XlzgFluRn2d5BB7Q/EOJ/CQtdCxgEpT8BiJnrM5FIYMFUprx7smq4mMMlx0st87OrYopm/81qSx3Wsdf8GPFU7E0+zEyM7	\N
2399c9b2-6943-453b-83a3-211c2e661501	ea6d308e-6956-488f-b299-fa0b2d7e37b6	2022-05-13 14:32:24.803+00	2022-05-13 15:50:05.633+00	1v2UFlf8mFLU5z4ihTzPkBfIr7mr0mm/YkCiXhqRWoit0+qmE4o9vGEn17BLtcSMstIJHMQ1Ro4ruQHMqauNybMzrrh8F7U6+zdIXcb1GKwB8BPF1MqFmrKUdexXh+a5sE7j8RYJN3vXpb94D2jWGBo2ij6ujj4gOeqU98RsvWFc2RY+S3uJTlGA/yohPG4TG1RpHz9kuoyMp7SAHhlABiTN+vqk6jsQHlJrZpJDIFm5x9AR++qFPJ+R4MDGT5EC2WJAUdG+T2WfERGKS0E6fPFJvZTHsxkxPjAUz8JGHzkN+8KmOTYjERyyDyVmv33etYyKRsjnR2kztcx2VVFsQCJfiwZsTKJaEXMA7DfaQmt7I/7ndSzEkmcuMdv2F9WPFaXWSr/bAJxGOK8mP7yDZGERh6pCBtUD7f39qg==	M27F7GG3TSO/ExfxGCL8wo4uxbxYk20NgeqSZtW0NKrvEc2hVYo5dMZ1N5h2sdQ+GFloQFnf3Wo330wbcpmJPuZNIBG0J9rT	\N
3b20bbd2-2185-4970-a41f-271b778c0ef5	29ea1d8a-dfb4-4b12-819d-9e51427b5a6b	2022-05-16 08:18:48.986+00	2022-05-16 08:19:52.998+00	1qJkTac4N7vcS1WC7kUNzUJQr088rM9CpH8iO4ipVg8J9IE/+aA0ka9Jl3s1poWybcunhaEOEC/X1XbAnCRdVPdu6BwV3wwB8TWi1YQRLS0MM6lOIsNkb+Pl8HhFWrnUZQBXXuHn/XxQam7cI0YhQqK6I+qUfWy7C0tOmryXMeWLtlllRKzDFynIAkVZRDoQWhfxrLtmE19ok5WZC35vO7IQwdU+8aozkRoJyH6gY5/rqBM+GMpCKbxAHIzIPxDui8gyzIOUjL/PuGm1LHqhvVinLig8CMoZ7dt2kFMxRMZADMDEWiV9tyEni86l6UNq9AdJlPvuN8Z36TK+ICIic9/0hJi5jxSpXnuUi26qyFusOZqa4knev1qB/oTXLAKIT0uo5CwyupgJhoNyb98SjX58jJkGhahgaThnrfk/cIFLlmIbmCNlp9kdBuPgHL3pQAkOxIr+mczjwDl6zZomYf3a428bsuiu+C9gc+T+c4GNvpCYNItHiAOqo8+h0Zidkx87uINk6Q6st5lbOxGvlG2yOVeWprXSzbs/HwssQOwpcAMj/DZB9UniLm379F59qcjxtBIK50Bv3abebVwcLuHTcOTKJfBm8nIA9KY2hsjzvkmty3WSyCpB61Q8IFY5sDGS8G9k9111KfMuTTtLtXOqIF+KvInNCYLq085iXyhqFwgCM9qD57uuIbf4rYYRfraPSEZFc+BKFCeKcXGzhFKWh9gITaY7/6I7jsRqqOGOxLWs	hpf7dzXFR6W7jmxNjxw/xOUXExCll/XkZKjN9uWwmvTed0S41qmBE+FYglIreGyVeXJkwZHi8qnmVpQlTKKGZJYchxAIW7LF	\N
c9075b0a-bcd4-4a62-acac-5c8eb60d0a5a	29ea1d8a-dfb4-4b12-819d-9e51427b5a6b	2022-05-16 09:24:32.649+00	2022-05-16 09:24:32.649+00	Yqp3aEYsjO1lQXBazzd4AAYMqBk8ePa1K3ZdJLZyaBvOpre/12IpihXrJsyr6dje9kaHJVF3R8evLPP3c32G7y2mw5gBWpwP4Eg8E7kDaAQsrQ8zYuj6SPIbun29xpXp/nl99fFWtwl78alAgkPDzwf7cYCtH5r2R/rMxn21p3smep0Us6TiBABdfOhAkmUSRowIfiARDPS/pM9SvEvnwo1EUS+6/GJ6Al7ofwzkm0AWXeZn6e8s3vp9JSiLcqDLkk4k1Pa4GyE8Rw/CrDEB/MfxxTlOQMz6FhnQrM2kstVPvH4+4WVPrL8Gz89orwoZSx6e+t2hVmrh9nTuVKtWcpVYtquYUGaf	pFf1vXz7FQGIm9wGYnVFk5ITMG6u2iz20LR4ncBwAsFz8ByAoAoyE3UqE20789sJPN/Pf6Dz2lhuXFppzQxWJ+i9CX1/Maef	\N
6414dfb1-c94a-48d7-808a-b91497d2fb69	29ea1d8a-dfb4-4b12-819d-9e51427b5a6b	2022-05-16 09:24:51.264+00	2022-05-16 09:27:53.205+00	BNvsmjpMhRcmph1iDAjCfHsYUPi57XrVb3ZaEE0USWcpib5YbF7HrIufemtjo0/glPUD2i8S6m5RSj0rbYH7zcyNB+VzyZKzGreP92iHw9GCN7mMFFBcFTnQrb9fRPKBzyKrXxtIXX7elRJ/WG6ier82PD8+BdYrz/EFGO1GGYWzXP2NDkKHs7EjxXPEcZbeTkZyeBFxL/Gpa7doGECfgQzOeim5nu0QgrufjHUdJ41EEvpiglDl5Qn1JsaDAbgFwluGJPBzavPKUL+hIlWcSQP4UsJk2BzMMi6pHVvAf0XtTFrMnkC9HDxSA7e0KGSuXpblZUQrsl8E/uRympfNJNY+Eex9ba0vH5MAkY6tL3cD7mQrj53hKDKZ7ZcGaI9qWijK+7OtlpGQR0ivVdUSXsYAYl1Q5uuU5JNwCpznYyNr6cq97QsMdnO6Kr16yaF+n99Rti4tGZmykq/PgPojRuQ392uaGDE69Rs0h1WhrzrNz2ZCIqsbc8v26O9pEKjz7RyKk/qJn/PVgYxxC77MNfREwhBj9mYCEJ9PspQyKAWKR4Htf+4bZVNYEF564uQPQcZ0CxqmbisyApgdhkmNWeUAmT7HzHXEZIEBGTuMLWp8SrXRMtHQC4ZyPXP6CR1u3vV/ELocXZrLcoy7IKJXhD0IjbRJfcyLNiWkQIjB1j+dkOEBbNhh9JI8DwLGW8OrkxZkJzKyA5kCOJ11mhJxScfDCmRWZIHkTgMogtx1kGScuGTDYrGap4FnDN9E9kwDI0k+txTGOMCT0P6Yc2yx6M2qGZSScbR+QTKkIJi+SlRnIaQNxbwDdxbxmrzkTaMv/OK2jZsBkUxKfAyW4dbArD6w629LQVNugJ0ZZ+xITbn2y3GQrVgR6vCam19ktCKXtj4u6Ksc8ljvBKY3xmAxlpjtn5LHnnkQm0xFL/WuaXWMxqZJrjqHtq7LantgOOGoWr4h5D11yV8ksmDRd65A2Pq2UrTJlNif13lTmijGlWSjYGoIREdbCGKtj27cinMxkuwnE4F0QSkZbCS/PEXnFuhZRYzyPkEEYzHuXsF64CQqa8Ka1dqYj8CAciIVIUrzergGnv5Ifc/MgImcx9NDmumQM/zuGy2SZnLRnvwgU7tW8ATYIlIM0wSWpO4fqA7Xqryo7w==	2f+W2T81724mpaWjAFW9i9YuMWPdGMbOWG9xMdIoOCUMrR5z35sUrfyKpbLtvlctFAaCKC5sP6gQzDRemB9trPM5zlcjMfC2	\N
2e6b4f73-d9cf-4920-a4a1-5a4ba4683f6c	29ea1d8a-dfb4-4b12-819d-9e51427b5a6b	2022-05-16 09:29:52.503+00	2022-05-16 09:31:26.883+00	wh4ypmDt1bhkxetDzLfRBmMF2/aFi4ppVQScqT9ZxEO4N4rDR0tMYfGErsgXlZI97NtmCfXZT7xgCAQV9mozm3XDqUGVHLvmz0mIyNJy1vZHR6701AuJb9aEPUPUNnKMxhm9tp6jXgaapeNxpForj1L+FcorErycipLxC3s9yn97PQboFPm4UCSX+MItMSdUlp5TOXqf3JrhzMg6phBZ8kJ8F0HAv7BGs3OsvpdYBHqzxZlLyKQ4sIMS/B0ERiDpCF1aE8nZrCuvSHjLYx0xeOmyHVDPrSwg/MTGbl6bkCMbmuS87/zJQLwsrsJLGNlhIuxMsEDiGqRIPdVLWElk3SbptNJzPVHbGGYJugHkM0udCQMqfDjodqIiwTFxBvo7EyOLeVF9pwG2YDvuf4u9wIlBYfUgPooZUPY3IIYH/G5ByQTgF6/2rivlWh+eXon0gvpKzWt8U3tQX7IU7QYOxH7I9xwc1vD9gKI+nXoUPiSp1mcfSvIRpTFC4TruNrO7cJqyXLMiyYJ2x1XkpkfyvfTLGeRp3m8vQO3H3owMe7SXsVddNqaeBLAIFKDfzHvus3y8OVHknWk245HzHSt7XHztQZKzrD108wPLGAqLP8BFWZIECFF6K12st94YzGKzLZXy0YwXwnLyVTFzd2Xm1/5IyENb/0BOupq62S0+BdhIYkTOvc4X7x7xNINMHxGpe7s80D+rmq0YY6iZoU6Ow+EchVi9A5sslT6auVrAWvkt8VLEt7xhzQDdZUjci4xygKPS3zEM6AK22y9MFGh5BtJhkhG5w8sl5wCWclY2aDZuKr11cSDT+G3Wfl9A+rgRZXcEar00gkJ+TJugStS+LkUPguQRsecIaH+555tyHp3SLWzK1UDAip42aK0gMLaqVqzcGgFmjV1GTzDDs96DZV2aUFAfVgu4phr8t6ZuCuNsw5jTC1AT+u5YSVb+DziGmWWgYTa02Xmd6eW86ZEsK2qNZWgFIwA6csKwBNEKOjVsG/YM+o4njI//xo6YfrI4mZiSrRWrWG8flkbryYfx1QjSiaEhIbI/lo23bztCzNAIo7nprZgx8hJZfyj23s/wL+3W5tBbS4+LNLdp	RSlFDH9wP/PUzPZhsaIUPuC37kmYP1jEMaT/JeZbAoQIZcI82wHCdgi4nRIvFZ5OUcDtHYtB5Y1oLoEXV6txHhUea0S3jbqK	\N
\.


--
-- Data for Name: Place; Type: TABLE DATA; Schema: mano; Owner: user_feat-pen-test-18fpoe
--

COPY mano."Place" (_id, "createdAt", "updatedAt", organisation, encrypted, "encryptedEntityKey", "deletedAt") FROM stdin;
\.


--
-- Data for Name: RelPersonPlace; Type: TABLE DATA; Schema: mano; Owner: user_feat-pen-test-18fpoe
--

COPY mano."RelPersonPlace" (_id, "createdAt", "updatedAt", organisation, encrypted, "encryptedEntityKey", "deletedAt") FROM stdin;
\.


--
-- Data for Name: RelUserTeam; Type: TABLE DATA; Schema: mano; Owner: user_feat-pen-test-18fpoe
--

COPY mano."RelUserTeam" (_id, "user", team, "createdAt", "updatedAt") FROM stdin;
a610c113-67a0-4407-a54f-03e8a33d5e6d	dc25074f-4c66-4f48-b231-716bbf7b37f6	9ec09810-36b6-4265-9a38-7fdb8ea70811	2022-05-13 14:37:43.887+00	2022-05-13 14:37:43.887+00
1efd02cb-8ea5-4b0e-ab41-54cc2ebb4687	dc25074f-4c66-4f48-b231-716bbf7b37f6	cfe2f0f2-b514-43aa-b41e-6bb6a0384227	2022-05-13 14:37:43.887+00	2022-05-13 14:37:43.887+00
5a581c6a-30a0-4cfa-9629-f4c955362867	88074dc3-0c42-449e-8bc5-be9763d8e727	9ec09810-36b6-4265-9a38-7fdb8ea70811	2022-05-13 15:11:51.821+00	2022-05-13 15:11:51.821+00
ad7758d9-2d8e-4194-bb79-0f371e5a93ae	88074dc3-0c42-449e-8bc5-be9763d8e727	cfe2f0f2-b514-43aa-b41e-6bb6a0384227	2022-05-13 15:11:51.821+00	2022-05-13 15:11:51.821+00
2adc8bbf-86dc-4941-8ded-817f3f72f9ed	174e2a22-0b62-4c87-936a-54f9ec08ddcc	9ec09810-36b6-4265-9a38-7fdb8ea70811	2022-05-13 15:12:55.295+00	2022-05-13 15:12:55.295+00
7c45d167-7ccf-4e67-852b-dcee7bf8c87d	174e2a22-0b62-4c87-936a-54f9ec08ddcc	cfe2f0f2-b514-43aa-b41e-6bb6a0384227	2022-05-13 15:12:55.295+00	2022-05-13 15:12:55.295+00
328f70fd-2705-4c2c-8bf2-e3859aa864d2	4d9d8a92-2edd-4dee-9f8c-f4258b76b77f	9ec09810-36b6-4265-9a38-7fdb8ea70811	2022-05-13 15:14:20.983+00	2022-05-13 15:14:20.983+00
b8717652-e3ab-4a7f-8685-96ee30a572bd	4d9d8a92-2edd-4dee-9f8c-f4258b76b77f	cfe2f0f2-b514-43aa-b41e-6bb6a0384227	2022-05-13 15:14:20.983+00	2022-05-13 15:14:20.983+00
617c1d59-2116-455e-a0a4-bf74cc3e232c	00fb8009-f017-44e8-908d-d2a2500e19a4	9ec09810-36b6-4265-9a38-7fdb8ea70811	2022-05-13 15:15:36.299+00	2022-05-13 15:15:36.299+00
7f0c7b6f-6d7f-4cec-969c-8cbd40581057	00fb8009-f017-44e8-908d-d2a2500e19a4	cfe2f0f2-b514-43aa-b41e-6bb6a0384227	2022-05-13 15:15:36.299+00	2022-05-13 15:15:36.299+00
68bf36ce-0ca0-4b18-86c7-69d2fd800bc7	8e892795-f7da-4a32-98b5-ef85a6e2c518	9ec09810-36b6-4265-9a38-7fdb8ea70811	2022-05-13 15:16:33.779+00	2022-05-13 15:16:33.779+00
9fae97a7-5d2c-471d-ac15-e14b8d94892f	8e892795-f7da-4a32-98b5-ef85a6e2c518	cfe2f0f2-b514-43aa-b41e-6bb6a0384227	2022-05-13 15:16:33.779+00	2022-05-13 15:16:33.779+00
186066c3-a348-419a-9180-938f3d26f8f1	11f38028-a46b-4aad-97c8-e6fc9cc152f7	34a27c68-5b75-4563-b2ec-5e8ff011afdc	2022-05-13 15:42:58.788+00	2022-05-13 15:42:58.788+00
97a16b68-2655-4bd1-bb93-4a55ac90b344	4b092047-c88a-4e1f-960b-bf24fd19ee1f	34a27c68-5b75-4563-b2ec-5e8ff011afdc	2022-05-13 15:43:45.28+00	2022-05-13 15:43:45.28+00
0d8166bf-b01d-4997-9583-4e0231d2711a	78256d60-c1cf-4662-8674-bc0af7395a76	34a27c68-5b75-4563-b2ec-5e8ff011afdc	2022-05-16 08:19:39.113+00	2022-05-16 08:19:39.113+00
61ce3157-a4d7-4829-913b-20878b1aaabb	0d8460f3-f6a4-40b5-b49e-4a1f37b57bdf	9ec09810-36b6-4265-9a38-7fdb8ea70811	2022-05-16 08:36:28.897+00	2022-05-16 08:36:28.897+00
\.


--
-- Data for Name: Report; Type: TABLE DATA; Schema: mano; Owner: user_feat-pen-test-18fpoe
--

COPY mano."Report" (_id, "createdAt", "updatedAt", encrypted, "encryptedEntityKey", organisation, "deletedAt") FROM stdin;
41fb47b0-3d83-414e-bcb3-93675a504b69	2022-05-16 08:36:16.864+00	2022-05-16 08:36:58.587+00	lllknnmm8EyQT2Z9djpMcsOqd+Pb4KYCLZ6GNXP42hCRGJFKY8QDemtotSr3FD2OnmlqdiPTrWQi357necFE8D+1ehnlEqvuo1LxTJ/FsTBZ3jeyECTwOrPHfnyaKrMBYSfhEep7nCv7ObRNIoNkudopo9cNRAaTkDAPipX6Wox/qu7K95/1iMkdRT73qnE3/B0qcP2z6bpoR43zldSnS0aCBKIdOc1LYcd7ROsDOz7daFGZUswIxuPUO668zFo/k5aK6dp5Sbgci2txGNkIL15WE6c=	jJB/fOmBKqHpRkMFOoBHFl2YR+z0I7ef1+X8FsOP0fmSDbIrs4C5e4dD4o/qZD2l58u8FLgKsnaFMeQFCL7TLZ2qk7IftwaK	ea6d308e-6956-488f-b299-fa0b2d7e37b6	\N
395a0f8d-0ff8-4a1b-9b14-3c2ee25aa2e4	2022-05-16 08:48:50.448+00	2022-05-16 08:48:58.491+00	5xV+d+kSRsJXSH1JqOsXfUaurQN2w1+QE00bKQQkyc34QOhYT5VuN0QKlCOIHa8hTXzuJIMgfrU3a6raO1XDRnNsqWJGaRwLoSBm3w6lIEKVdggXKVrO7+3GwBlXWTHYEFzN7gXutQHLq1+Em0+kkx8uqr3RWoMi+ausOJn+EgyIs8z7gknB28lwPTuq5gC8tePabsfqM/mcmehs8wmYrsNmLGJ0AXmzJ2PZeLJOCsp+AAGHd3VSCf3jr7AgwzMAjul5hPwupsAk4bAD62zpeg==	Z9dkq0DbsxaEhtjyrgvn41Km2zgGtkJY3Zu55t53p9QAVQW3GsNYD+o+q1D+T+K5YyGvJHv/ehk1348889LCxDYiUIyl7/fw	ea6d308e-6956-488f-b299-fa0b2d7e37b6	\N
15307dac-3279-4ad9-866d-a6c4e28e2ceb	2022-05-16 09:31:48.56+00	2022-05-16 09:32:14.835+00	dhLjJN+7WZE3IaNPR1Lp4fO86gElwrkI3nJP+Gu7SllQXY1NYmFgWkrzy7Nrmivcml1xMFf1mcyPMsuIzaz4J+5OyJ0uFfXaD85AgI5+l77yFcCi/Ky+W/nmbp62+6pF+MRbcpO6p0JJrY6UmNI7frQeZyiNmMyE+lyecmesP3YOd0vs85oP8X+cf7IqvMMHZmp7Rs/2BOhFq0RP0EiHiWD7hEjyZLUWFHwe7FfI/tp6NVDx0f4F1v+n3g+A2sz5JJHs772p7Rr4AhPbbJ5sI9kQbTS18J5vLj7gzXygCHt+Doz+NQTLoiDRcGc=	Nly/jMwO9O9pM16xmCSs11ZJSGu+X8dXes2nSmKqrGNWbT8kBgJPeqWB7T2hFSdDkTHa7PnOLJ5uq51Mt3cbNQVYnK4V/skC	29ea1d8a-dfb4-4b12-819d-9e51427b5a6b	\N
589ff1e2-0521-4dbe-9af4-0a095ebe963a	2022-05-16 09:38:07.402+00	2022-05-16 09:38:07.402+00	ScUTopDxY0zoPOliFtx0xlpk8IU1/X/VwvktOOasIgij+QD8uXosBlGhjqvTMSWyvxMUynkFafavd4sK0xc+CYdHTN4maqpSSo8/lYAfXbk/yFs3o6+xOOoA3cQR7z4o/FeAyx1HgCUAdmBdf2sdZranLzqEA1qgj6NT3yh2hWitdLd11NDGs8A9DiTNAnccZUkDug==	dfT18kEkt49usQHtByazn/2wtXJwgLTo/LJrmK37D0ONyJL8R6sIjec03UgkF5CEpGAVhORXGdVO4XBU5N7p5fIIgvMReFVE	29ea1d8a-dfb4-4b12-819d-9e51427b5a6b	\N
a95b900c-7ab0-4261-a776-c0b7e8b9dc58	2022-05-16 09:38:12.36+00	2022-05-16 09:38:12.36+00	9dpeCBQ6GLAGmn0hVur7Y2bXSIhgi2xISG63NHvHBOOf3Vt96nRxlm3CHL95EyAeJnf/8xpdQHg0v5iRs5Dj0zxg9uaXPOA01OQqFXKIK4xOCGDHl7DNI1fdQHSTEe5beFHUQP2HgY+e/Zz7Ar51G5M+bPhDx274OuxPIzl5RwKR+6kljfrNRGlqDbcJE7ZMrwvi8A==	KVRjmCU9V81S+82L6/nxG+pDaNp7nf+Y6YPZvL880SsivetLO2JNwvhC9rix06aeIoLrxbcUBTwfuGCJqfnf+0ZnYpNFxynu	29ea1d8a-dfb4-4b12-819d-9e51427b5a6b	\N
6a5fd6c8-2108-4b4e-aa43-922a2b9c326a	2022-05-16 09:38:15.443+00	2022-05-16 09:38:15.443+00	ZOgmDFN2dwmFhr1pxdnndWG2nQe1E5XOuLHzWbjI4+ZziyXcvTh1Yo6PAQyxPApXwG6eaojdQw7fNa4dqMjLHVJt6+Mcsv8BLvSUxQ2KgHIuVLbCjyaD9WlR5B8moslyfmRIodbCWKKI2TfFA/OhyQcnuZHuAmm5g+tTjnXwbXdtwqAhRIKkYvcqmVYRt1dowspMgw==	WRwizmH4Kmoh8cjsOwAU2Z8xqac37QEpX+VxwvPk5KU3hT/V/TJJZ3jFC/yahu3jjLZUengvHgasr0I7xz3f9U55K6nysjiC	29ea1d8a-dfb4-4b12-819d-9e51427b5a6b	\N
\.


--
-- Data for Name: Structure; Type: TABLE DATA; Schema: mano; Owner: user_feat-pen-test-18fpoe
--

COPY mano."Structure" (_id, name, description, city, postcode, adresse, phone, organisation, categories, "createdAt", "updatedAt") FROM stdin;
f5e289ac-b82e-4104-814e-76340fe9fba4	Centre d'accueil X	\N	\N	\N	\N	\N	ea6d308e-6956-488f-b299-fa0b2d7e37b6	\N	2022-05-16 08:38:49.422+00	2022-05-16 08:38:49.422+00
8614843b-971e-4559-8794-48acd4f33149	Maraude Emmaus paris nord	\N	\N	\N	\N	\N	ea6d308e-6956-488f-b299-fa0b2d7e37b6	\N	2022-05-16 08:39:08.096+00	2022-05-16 08:39:08.096+00
ce56f1d7-579a-47a8-b4fb-cc8ea70f889c	ESI saint-martin	\N	\N	\N	\N	\N	ea6d308e-6956-488f-b299-fa0b2d7e37b6	\N	2022-05-16 08:39:14.403+00	2022-05-16 08:39:14.403+00
\.


--
-- Data for Name: Team; Type: TABLE DATA; Schema: mano; Owner: user_feat-pen-test-18fpoe
--

COPY mano."Team" (_id, name, organisation, "createdAt", "updatedAt", "nightSession") FROM stdin;
9ec09810-36b6-4265-9a38-7fdb8ea70811	Equipe mobile	ea6d308e-6956-488f-b299-fa0b2d7e37b6	2022-05-13 14:29:24.252+00	2022-05-13 14:29:24.252+00	f
cfe2f0f2-b514-43aa-b41e-6bb6a0384227	Centre d'accueil	ea6d308e-6956-488f-b299-fa0b2d7e37b6	2022-05-13 14:29:43.348+00	2022-05-13 14:29:43.348+00	f
34a27c68-5b75-4563-b2ec-5e8ff011afdc	Maraude	29ea1d8a-dfb4-4b12-819d-9e51427b5a6b	2022-05-13 15:36:34.131+00	2022-05-13 15:36:34.131+00	f
\.


--
-- Data for Name: Territory; Type: TABLE DATA; Schema: mano; Owner: user_feat-pen-test-18fpoe
--

COPY mano."Territory" (_id, organisation, "createdAt", "updatedAt", encrypted, "encryptedEntityKey", "deletedAt") FROM stdin;
781394bb-79a3-4df7-a0b0-145b82668e9c	29ea1d8a-dfb4-4b12-819d-9e51427b5a6b	2022-05-16 08:21:55.114+00	2022-05-16 08:21:55.114+00	mPmvSoYK3pWZMkTRr0Zh3pMFSk997JEWnNSi1OGYMS6s2ZRYP9yTezCGMuJGd3MnNre6h+gZA7LTPl0/1iuXmdY4UOKjcPGk8T0f9WrAI54mTOr+IEaOBI/HLCsQuRPxX8TvSleLjk1JasM/68XzJkgQ4m1S5n0HoFVBbrRayqahbUifbojMW8QlL64MIAF2zWnXuuRA6XcjJyXUTQxWaZB9dtlWkbHSwS1gqkmFD/Bz25ZnieCh9QNV078qLtsbnLQWhVT1g6ErEl+Jca64SbNmfXtch/1b8GdX/ffgkGXO/9dcvbKC8SEtDFRP4zc1y7Y76su/PKkqUlxgmnpHP1GBTWHGDXdZapO1lukdEUKW7SLPhBVzMortUf+95Oy11JhdJUS7lFljBvnD4Y8uu8Q8+Fah/JxMDzkfeP2h4iYAhlGlIEzHh77t3wiIlYW/tbbur9tlq7UbCct3E2rPLebkMUEHviPRZZYusiALsQc=	df30dQ+2DghPw3YAkmQ8dQcUvXZrh0VXQWWW2fxgOSDfl4csBzaK++ZHkRruKxhl8WjXAy1kILPprqiG0iIcNhTTpY3vkoEE	\N
da4af44e-eed6-499a-8145-11d91ca0cb58	ea6d308e-6956-488f-b299-fa0b2d7e37b6	2022-05-16 08:35:42.399+00	2022-05-16 08:35:42.399+00	jSHTTkRCXt/JWwifiOq2nSZ7lYE7L/3CgfWMcF4j6em2C3IhT+yqSQN5WVvdmo3Dzm08hqsWs1zg82MYgp6DHkHK5vb1W+8oWycbG97OuQg30ps1XVD0dZPrszGU33S4qAkZ46t0LuTQpHxrq6y1cCjdfxO94WxKouByU/CjqlBAbxjCKOrb7B4SB12R4gtC0NdAIaoqSfFWjtAr4B4Zlt5q3nNihw6fqcbZ4YS3DdiqjvAAGWCntX/8gzKBAjiGbVf/NEm6gUY7914FypyfEGbLq4TmOqLrLeWnX/YUmgfH9CeczQcLQJvnRL+CECPatOSxmZJ5Iog=	G4uaSnC60RGWd/xneW4GOtv8HLHMayU2s5Rn3+FCnf2dRzPaE8Edgi4la4C6ImQFq1pwVtnOQ+3QpDm78sp22m/hpgv2Fits	\N
58e87629-8bce-41fa-9a5f-126cab009b70	ea6d308e-6956-488f-b299-fa0b2d7e37b6	2022-05-16 08:37:33.192+00	2022-05-16 08:37:33.192+00	pN5qxBfDyuIvOjkp7KaUaOrZMbC4Tl+RubIxoYw2mkc/N4qi3v4a3csEplbGXB6iFSxLcxscOqeTo6+kjGOKcWyRpjqf4KdZpdGaCoBTz+RwuHh55ECr5CgKfad6TyO+Bgr+YQq+ZYmGquXcYsmSzq2CFSsvRIB5MOPywJ2cDBuC+osVQrjc982EMuKq52ZtZG+uw17IwAyJcJ0pWSTcpc4vXk/Euxx/+UBqnJkejANr8O0RW7x8rMB3KRc2K9fKpbh9J/A9y+leQJAQn28BZtscOwg=	bcQaiPM7aGlh+2aiCnLqane1sT/RNf0QYxZdVPyfNQK39/PPsqRzdcg22jYGFSpliJ3VtH+ynYHB4Kt5j9mz5IQIKG58EhW7	\N
51c4e024-f92e-4a66-843b-45ec3c0823bc	ea6d308e-6956-488f-b299-fa0b2d7e37b6	2022-05-16 08:50:34.152+00	2022-05-16 08:50:34.152+00	zvHV/66BFilDJZ6Z1EaVJxUOidbHCadvxC+cqr61N2myevOasHFcj6yNNuIOoG7NO5vX/f4hptJ2x4Hebz2DKGH4X1kpwAkSpOOYhI6crL1MzdkoocnyWl46341SdO8OP0BId6N1VNatPdwezh5oJYh4ALhT8ej6JkxpwaGaLnLTtbdJojObiQWDEtm8zMQOhjZU+sys52VAtRGOoAPmUwLSucquoJhAuQyIpRWGF2web4ntV3zjfW2lvTfeQXhxTFCfx32qwuNXqqTmimtYnuSseUVofHmrCKYYnfN2JSuJK8lf5bpo7zVs+oQ=	Mc01tYN9XQt788F2D2u9JMKi/k2YnETQ6rO//SMAyMjuA0/3Z0ydwgvpEvqhwU7oQ1D6d5sRCcBejNqrbsbU3u5CxMvqyN+X	\N
\.


--
-- Data for Name: TerritoryObservation; Type: TABLE DATA; Schema: mano; Owner: user_feat-pen-test-18fpoe
--

COPY mano."TerritoryObservation" (_id, organisation, "createdAt", "updatedAt", encrypted, "encryptedEntityKey", "deletedAt") FROM stdin;
804d6c82-9662-450b-80f3-cc5376f98402	ea6d308e-6956-488f-b299-fa0b2d7e37b6	2022-05-16 08:36:02.697+00	2022-05-16 08:36:02.697+00	KXKkEkj3WnlzV72VMmu+uqdhWPpYN57Ri4sHqaL8M1jvQD5UOHv/KJR2B2djNWgOdgFk9bOIjt5Br5m5a8GIfy6Wmt5f49CwmU86Txb7rYvWUUS57vMmQHA5LuJf8AL9WbwkPw1QN/+QN24SsYOPccyTFKqPgN5J2Y9zEbiZ/WWEd5kfVN/djEpZvkJl5KFmMawvwFe5qdevFZ+Zhl3dwjeLmQfwTOxvjog06QEUeiunVXI2jUicvLPLD8FrxUYvhtEScExmbRDAMqHtUCejZKFE1573FhrHCDWPWKk8TvIkT4SripT2ASPsQ0Mksllib912eSq8vdQ47eBCwJuMoUuoXt2CMPncuFgAPqn5PgTT9FYwDeM67kJqQbwhKv4EJipFrmPblBEGg89JLGdgk1l02vIi+VBSXaclts8UU9qVaQZd8UxB1zohlYbMQmBYADpdGwG7GqM=	W3WHYlLBrPm6oEXUmmCj1oSLoj0x6suLnLSJpPRP3e23MRKTlLs/LL4QUBiHkAH2TqYsTH0btzlaKoxXPgdojY4fkMMW4Lgc	\N
\.


--
-- Data for Name: Treatment; Type: TABLE DATA; Schema: mano; Owner: user_feat-pen-test-18fpoe
--

COPY mano."Treatment" (_id, "createdAt", "updatedAt", "deletedAt", organisation, encrypted, "encryptedEntityKey") FROM stdin;
7e3e5ad4-3250-4c6d-ae22-5d9f88a7afa5	2022-05-16 08:21:22.879+00	2022-05-16 08:21:22.879+00	\N	29ea1d8a-dfb4-4b12-819d-9e51427b5a6b	X/zsCGo8J9cbRJLtElERB0OiSiB1VXvpCaACKrujiHONUSfBr99DowPqGJGY0RdSBsJQ5/Ox3TLxe8CroE2ERXod/nWmvi5yJpYPyE47/6Qftme1IQzjLAUWCsG6N2Zi0zs6j+ucHEF92Qw5IpAbufoZYtPXHZKRh7t4IheX8y9JewftzE+li/j6h46VYxkqO4T2sUCwfq+sUe8kEmveCx5qm0e++y5ct6zMtudJ2iaLDnuX7pay2GzDOUMSKMJP9fzCljQKMXZblVO0fP020vXByextXscTlwc6UDXWM2e8n52jhqrPRPOx2cOZMFF43uK3t74PRvvMtcbF3fXDe38Z1s0sHxCJBLxN/mDVMTjoOFMLEEJxjNHlakqWYYncBfoCHww9QlWBuPG2NZvbNT6tQ0Y+J59L+IDXSd/X691xwgq0VGu8p1Pbq0Uh5TV2DxUQ7PdhbfA=	/RrTtHHN118lO2zN4QM33pWAxnRWDTMJb8zo1WpPw7exLvp+6/ZtSViUVQfshP2aqPL9VNZCQcffwu0MX1NIzITbmlyOhzxF
\.


--
-- Data for Name: User; Type: TABLE DATA; Schema: mano; Owner: user_feat-pen-test-18fpoe
--

COPY mano."User" (_id, name, email, password, organisation, "lastLoginAt", "createdAt", "updatedAt", role, "lastChangePasswordAt", "forgotPasswordResetExpires", "forgotPasswordResetToken", "termsAccepted", "healthcareProfessional", "debugApp", "debugDashboard") FROM stdin;
11f38028-a46b-4aad-97c8-e6fc9cc152f7	Julien Boisnard	julien.boisnard@mano.fr	$2a$10$GCJTFdyihqRJMHCJqp2UoOxJ5AdY1uHihgQoLVXShetzh5fr9Re.m	29ea1d8a-dfb4-4b12-819d-9e51427b5a6b	\N	2022-05-13 15:42:58.508+00	2022-05-13 15:42:58.508+00	normal	\N	2022-05-13	6629d51c3cb6cf6c56bc40ae59794e05a90ac5d1	\N	t	\N	\N
4b092047-c88a-4e1f-960b-bf24fd19ee1f	Paul SKET	paul.sket@mano.fr	$2a$10$GCJTFdyihqRJMHCJqp2UoOxJ5AdY1uHihgQoLVXShetzh5fr9Re.m	29ea1d8a-dfb4-4b12-819d-9e51427b5a6b	\N	2022-05-13 15:43:45.039+00	2022-05-13 15:43:45.039+00	normal	\N	2022-05-13	39b7c940ad74834e77d2def71e6c3c4b29b18a21	\N	f	\N	\N
0d8460f3-f6a4-40b5-b49e-4a1f37b57bdf	Jean Mano 	jean.mano@mano.fr	$2a$10$GCJTFdyihqRJMHCJqp2UoOxJ5AdY1uHihgQoLVXShetzh5fr9Re.m	ea6d308e-6956-488f-b299-fa0b2d7e37b6	2022-05-16 09:22:15.007+00	2022-05-13 14:14:45.899+00	2022-05-16 09:22:15.007+00	admin	\N	2022-05-13	91f96235819da66e343e1a7b61404dcc7fab29c3	2022-05-13 14:28:38.981+00	t	\N	{"version": "1.108.2", "browserOs": "Mac OS", "browserName": "firefox", "browserType": "browser", "browserVersion": "99.0.0"}
dc25074f-4c66-4f48-b231-716bbf7b37f6	Jean PAUL (Educateur)	jean.paul@mano.fr	$2a$10$GCJTFdyihqRJMHCJqp2UoOxJ5AdY1uHihgQoLVXShetzh5fr9Re.m	ea6d308e-6956-488f-b299-fa0b2d7e37b6	\N	2022-05-13 14:37:43.635+00	2022-05-13 14:37:43.635+00	normal	\N	2022-05-13	6259f96fbc05d3430835d7ecc45b37d419045b27	\N	f	\N	\N
88074dc3-0c42-449e-8bc5-be9763d8e727	Yoann Kitkat (Travailleur social)	yoan.kitkat@mano.fr	$2a$10$GCJTFdyihqRJMHCJqp2UoOxJ5AdY1uHihgQoLVXShetzh5fr9Re.m	ea6d308e-6956-488f-b299-fa0b2d7e37b6	\N	2022-05-13 15:11:51.518+00	2022-05-13 15:11:51.518+00	normal	\N	2022-05-13	7178ec720f085ee03220dcde63d9361be7e6ebcf	\N	f	\N	\N
174e2a22-0b62-4c87-936a-54f9ec08ddcc	Melissa Setaire 	melissa.setaire@mano.fr	$2a$10$GCJTFdyihqRJMHCJqp2UoOxJ5AdY1uHihgQoLVXShetzh5fr9Re.m	ea6d308e-6956-488f-b299-fa0b2d7e37b6	\N	2022-05-13 15:12:54.909+00	2022-05-13 15:12:54.909+00	normal	\N	2022-05-13	53d18f7e8f53c01370af4ffd1b42b4f10403ccc9	\N	f	\N	\N
4d9d8a92-2edd-4dee-9f8c-f4258b76b77f	Arnaud Ambroise-en-Île (Coordinateur)	arnaud.ambro@mano.fr	$2a$10$GCJTFdyihqRJMHCJqp2UoOxJ5AdY1uHihgQoLVXShetzh5fr9Re.m	ea6d308e-6956-488f-b299-fa0b2d7e37b6	\N	2022-05-13 15:14:20.73+00	2022-05-13 15:14:20.73+00	admin	\N	2022-05-13	f518c983434b96b91b3637df7ef49b7a307c5701	\N	f	\N	\N
00fb8009-f017-44e8-908d-d2a2500e19a4	Nathan Fradnain (Infirmier)	nathan@mano.fr	$2a$10$GCJTFdyihqRJMHCJqp2UoOxJ5AdY1uHihgQoLVXShetzh5fr9Re.m	ea6d308e-6956-488f-b299-fa0b2d7e37b6	\N	2022-05-13 15:15:36.051+00	2022-05-13 15:15:36.051+00	normal	\N	2022-05-13	a4d35a549f497764e2b45b070aa52d04d1992326	\N	t	\N	\N
8e892795-f7da-4a32-98b5-ef85a6e2c518	Raphaël Dubuchet	raph2h@mano.fr	$2a$10$GCJTFdyihqRJMHCJqp2UoOxJ5AdY1uHihgQoLVXShetzh5fr9Re.m	ea6d308e-6956-488f-b299-fa0b2d7e37b6	\N	2022-05-13 15:16:33.518+00	2022-05-13 15:16:33.518+00	normal	\N	2022-05-13	ade87daff3a53d4b40638b44cb5eeee31fc0ef67	\N	f	\N	\N
33400b35-7b77-406b-bb4d-da9bc2dc1830	Superadmin	superadmin@mano.fr	$2a$10$GCJTFdyihqRJMHCJqp2UoOxJ5AdY1uHihgQoLVXShetzh5fr9Re.m	00000000-5f5a-89e2-2e60-88fa20cc50bf	2022-05-13 15:24:47.407+00	2021-04-01 09:22:59.162+00	2022-05-13 15:24:47.407+00	superadmin	2022-05-11	2021-11-26	1d957269f0d8763db264a5392b926b299fc1707b	2022-03-24 15:23:33.363+00	t	{"brand": "google", "model": "sdk_gphone64_arm64", "device": "emulator64_arm64", "tablet": false, "buildid": "S2B2.211203.006", "carrier": "T-Mobile", "product": "sdk_gphone64_arm64", "apilevel": 32, "deviceid": "goldfish_arm64", "hardware": "ranchu", "maxmemory": 201326592, "useragent": "Mozilla/5.0 (Linux; Android 12; sdk_gphone64_arm64 Build/S2B2.211203.006; wv) AppleWebKit/537.36 (KHTML, like Gecko) Version/4.0 Chrome/91.0.4472.114 Mobile Safari/537.36", "systemname": "Android", "totalmemory": 2061598720, "manufacturer": "Google", "systemversion": "12", "freediskstorage": 4746903552, "readableversion": "2.19.0.3", "totaldiskcapacity": 7032188928}	{"version": "1.108.2", "browserOs": "Mac OS", "browserName": "firefox", "browserType": "browser", "browserVersion": "99.0.0"}
78256d60-c1cf-4662-8674-bc0af7395a76	Caroline Cavéhors	caro@mano.fr	$2a$10$GCJTFdyihqRJMHCJqp2UoOxJ5AdY1uHihgQoLVXShetzh5fr9Re.m	29ea1d8a-dfb4-4b12-819d-9e51427b5a6b	2022-05-16 09:23:17.514+00	2022-05-13 15:32:23.007+00	2022-05-16 09:23:17.515+00	admin	\N	2022-05-13	ecc97c440e6d7c8467364f4287432918bcf72daf	2022-05-13 15:35:51.535+00	t	\N	{"version": "1.108.2", "browserOs": "Mac OS", "browserName": "firefox", "browserType": "browser", "browserVersion": "99.0.0"}
\.


--
-- Name: Action Action_pkey; Type: CONSTRAINT; Schema: mano; Owner: user_feat-pen-test-18fpoe
--

ALTER TABLE ONLY mano."Action"
    ADD CONSTRAINT "Action_pkey" PRIMARY KEY (_id);


--
-- Name: Comment Comment_pkey; Type: CONSTRAINT; Schema: mano; Owner: user_feat-pen-test-18fpoe
--

ALTER TABLE ONLY mano."Comment"
    ADD CONSTRAINT "Comment_pkey" PRIMARY KEY (_id);


--
-- Name: Consultation Consultation_pkey; Type: CONSTRAINT; Schema: mano; Owner: user_feat-pen-test-18fpoe
--

ALTER TABLE ONLY mano."Consultation"
    ADD CONSTRAINT "Consultation_pkey" PRIMARY KEY (_id);


--
-- Name: MedicalFile MedicalFile_pkey; Type: CONSTRAINT; Schema: mano; Owner: user_feat-pen-test-18fpoe
--

ALTER TABLE ONLY mano."MedicalFile"
    ADD CONSTRAINT "MedicalFile_pkey" PRIMARY KEY (_id);


--
-- Name: Organisation Organisation_pkey; Type: CONSTRAINT; Schema: mano; Owner: user_feat-pen-test-18fpoe
--

ALTER TABLE ONLY mano."Organisation"
    ADD CONSTRAINT "Organisation_pkey" PRIMARY KEY (_id);


--
-- Name: Passage Passage_pkey; Type: CONSTRAINT; Schema: mano; Owner: user_feat-pen-test-18fpoe
--

ALTER TABLE ONLY mano."Passage"
    ADD CONSTRAINT "Passage_pkey" PRIMARY KEY (_id);


--
-- Name: Person Person_pkey; Type: CONSTRAINT; Schema: mano; Owner: user_feat-pen-test-18fpoe
--

ALTER TABLE ONLY mano."Person"
    ADD CONSTRAINT "Person_pkey" PRIMARY KEY (_id);


--
-- Name: Place Place_pkey; Type: CONSTRAINT; Schema: mano; Owner: user_feat-pen-test-18fpoe
--

ALTER TABLE ONLY mano."Place"
    ADD CONSTRAINT "Place_pkey" PRIMARY KEY (_id);


--
-- Name: RelPersonPlace RelPersonPlace_pkey; Type: CONSTRAINT; Schema: mano; Owner: user_feat-pen-test-18fpoe
--

ALTER TABLE ONLY mano."RelPersonPlace"
    ADD CONSTRAINT "RelPersonPlace_pkey" PRIMARY KEY (_id);


--
-- Name: RelUserTeam RelUserTeam_pkey; Type: CONSTRAINT; Schema: mano; Owner: user_feat-pen-test-18fpoe
--

ALTER TABLE ONLY mano."RelUserTeam"
    ADD CONSTRAINT "RelUserTeam_pkey" PRIMARY KEY (_id);


--
-- Name: RelUserTeam RelUserTeam_user_team_key; Type: CONSTRAINT; Schema: mano; Owner: user_feat-pen-test-18fpoe
--

ALTER TABLE ONLY mano."RelUserTeam"
    ADD CONSTRAINT "RelUserTeam_user_team_key" UNIQUE ("user", team);


--
-- Name: Report Report_pkey; Type: CONSTRAINT; Schema: mano; Owner: user_feat-pen-test-18fpoe
--

ALTER TABLE ONLY mano."Report"
    ADD CONSTRAINT "Report_pkey" PRIMARY KEY (_id);


--
-- Name: Structure Structure_pkey; Type: CONSTRAINT; Schema: mano; Owner: user_feat-pen-test-18fpoe
--

ALTER TABLE ONLY mano."Structure"
    ADD CONSTRAINT "Structure_pkey" PRIMARY KEY (_id);


--
-- Name: Team Team_pkey; Type: CONSTRAINT; Schema: mano; Owner: user_feat-pen-test-18fpoe
--

ALTER TABLE ONLY mano."Team"
    ADD CONSTRAINT "Team_pkey" PRIMARY KEY (_id);


--
-- Name: TerritoryObservation TerritoryObservation_pkey; Type: CONSTRAINT; Schema: mano; Owner: user_feat-pen-test-18fpoe
--

ALTER TABLE ONLY mano."TerritoryObservation"
    ADD CONSTRAINT "TerritoryObservation_pkey" PRIMARY KEY (_id);


--
-- Name: Territory Territory_pkey; Type: CONSTRAINT; Schema: mano; Owner: user_feat-pen-test-18fpoe
--

ALTER TABLE ONLY mano."Territory"
    ADD CONSTRAINT "Territory_pkey" PRIMARY KEY (_id);


--
-- Name: Treatment Treatment_pkey; Type: CONSTRAINT; Schema: mano; Owner: user_feat-pen-test-18fpoe
--

ALTER TABLE ONLY mano."Treatment"
    ADD CONSTRAINT "Treatment_pkey" PRIMARY KEY (_id);


--
-- Name: User User_email_key; Type: CONSTRAINT; Schema: mano; Owner: user_feat-pen-test-18fpoe
--

ALTER TABLE ONLY mano."User"
    ADD CONSTRAINT "User_email_key" UNIQUE (email);


--
-- Name: User User_pkey; Type: CONSTRAINT; Schema: mano; Owner: user_feat-pen-test-18fpoe
--

ALTER TABLE ONLY mano."User"
    ADD CONSTRAINT "User_pkey" PRIMARY KEY (_id);


--
-- Name: Action Action_organisation_fkey; Type: FK CONSTRAINT; Schema: mano; Owner: user_feat-pen-test-18fpoe
--

ALTER TABLE ONLY mano."Action"
    ADD CONSTRAINT "Action_organisation_fkey" FOREIGN KEY (organisation) REFERENCES mano."Organisation"(_id) ON UPDATE CASCADE ON DELETE CASCADE DEFERRABLE;


--
-- Name: Comment Comment_organisation_fkey; Type: FK CONSTRAINT; Schema: mano; Owner: user_feat-pen-test-18fpoe
--

ALTER TABLE ONLY mano."Comment"
    ADD CONSTRAINT "Comment_organisation_fkey" FOREIGN KEY (organisation) REFERENCES mano."Organisation"(_id) ON UPDATE CASCADE ON DELETE CASCADE;


--
-- Name: Consultation Consultation_organisation_fkey; Type: FK CONSTRAINT; Schema: mano; Owner: user_feat-pen-test-18fpoe
--

ALTER TABLE ONLY mano."Consultation"
    ADD CONSTRAINT "Consultation_organisation_fkey" FOREIGN KEY (organisation) REFERENCES mano."Organisation"(_id) ON UPDATE CASCADE ON DELETE CASCADE;


--
-- Name: MedicalFile MedicalFile_organisation_fkey; Type: FK CONSTRAINT; Schema: mano; Owner: user_feat-pen-test-18fpoe
--

ALTER TABLE ONLY mano."MedicalFile"
    ADD CONSTRAINT "MedicalFile_organisation_fkey" FOREIGN KEY (organisation) REFERENCES mano."Organisation"(_id) ON UPDATE CASCADE ON DELETE CASCADE;


--
-- Name: Passage Passage_organisation_fkey; Type: FK CONSTRAINT; Schema: mano; Owner: user_feat-pen-test-18fpoe
--

ALTER TABLE ONLY mano."Passage"
    ADD CONSTRAINT "Passage_organisation_fkey" FOREIGN KEY (organisation) REFERENCES mano."Organisation"(_id) ON UPDATE CASCADE ON DELETE CASCADE;


--
-- Name: Person Person_organisation_fkey; Type: FK CONSTRAINT; Schema: mano; Owner: user_feat-pen-test-18fpoe
--

ALTER TABLE ONLY mano."Person"
    ADD CONSTRAINT "Person_organisation_fkey" FOREIGN KEY (organisation) REFERENCES mano."Organisation"(_id) ON UPDATE CASCADE ON DELETE CASCADE DEFERRABLE;


--
-- Name: Place Place_organisation_fkey; Type: FK CONSTRAINT; Schema: mano; Owner: user_feat-pen-test-18fpoe
--

ALTER TABLE ONLY mano."Place"
    ADD CONSTRAINT "Place_organisation_fkey" FOREIGN KEY (organisation) REFERENCES mano."Organisation"(_id) ON UPDATE CASCADE ON DELETE CASCADE;


--
-- Name: RelPersonPlace RelPersonPlace_organisation_fkey; Type: FK CONSTRAINT; Schema: mano; Owner: user_feat-pen-test-18fpoe
--

ALTER TABLE ONLY mano."RelPersonPlace"
    ADD CONSTRAINT "RelPersonPlace_organisation_fkey" FOREIGN KEY (organisation) REFERENCES mano."Organisation"(_id) ON UPDATE CASCADE ON DELETE CASCADE;


--
-- Name: RelUserTeam RelUserTeam_team_fkey; Type: FK CONSTRAINT; Schema: mano; Owner: user_feat-pen-test-18fpoe
--

ALTER TABLE ONLY mano."RelUserTeam"
    ADD CONSTRAINT "RelUserTeam_team_fkey" FOREIGN KEY (team) REFERENCES mano."Team"(_id) ON UPDATE CASCADE ON DELETE CASCADE;


--
-- Name: RelUserTeam RelUserTeam_user_fkey; Type: FK CONSTRAINT; Schema: mano; Owner: user_feat-pen-test-18fpoe
--

ALTER TABLE ONLY mano."RelUserTeam"
    ADD CONSTRAINT "RelUserTeam_user_fkey" FOREIGN KEY ("user") REFERENCES mano."User"(_id) ON UPDATE CASCADE ON DELETE CASCADE;


--
-- Name: Report Report_organisation_fkey; Type: FK CONSTRAINT; Schema: mano; Owner: user_feat-pen-test-18fpoe
--

ALTER TABLE ONLY mano."Report"
    ADD CONSTRAINT "Report_organisation_fkey" FOREIGN KEY (organisation) REFERENCES mano."Organisation"(_id) ON UPDATE CASCADE ON DELETE CASCADE;


--
-- Name: Structure Structure_organisation_fkey; Type: FK CONSTRAINT; Schema: mano; Owner: user_feat-pen-test-18fpoe
--

ALTER TABLE ONLY mano."Structure"
    ADD CONSTRAINT "Structure_organisation_fkey" FOREIGN KEY (organisation) REFERENCES mano."Organisation"(_id) ON UPDATE CASCADE ON DELETE CASCADE DEFERRABLE;


--
-- Name: Team Team_organisation_fkey; Type: FK CONSTRAINT; Schema: mano; Owner: user_feat-pen-test-18fpoe
--

ALTER TABLE ONLY mano."Team"
    ADD CONSTRAINT "Team_organisation_fkey" FOREIGN KEY (organisation) REFERENCES mano."Organisation"(_id) ON UPDATE CASCADE ON DELETE CASCADE DEFERRABLE;


--
-- Name: TerritoryObservation TerritoryObservation_organisation_fkey; Type: FK CONSTRAINT; Schema: mano; Owner: user_feat-pen-test-18fpoe
--

ALTER TABLE ONLY mano."TerritoryObservation"
    ADD CONSTRAINT "TerritoryObservation_organisation_fkey" FOREIGN KEY (organisation) REFERENCES mano."Organisation"(_id) ON UPDATE CASCADE ON DELETE CASCADE;


--
-- Name: Territory Territory_organisation_fkey; Type: FK CONSTRAINT; Schema: mano; Owner: user_feat-pen-test-18fpoe
--

ALTER TABLE ONLY mano."Territory"
    ADD CONSTRAINT "Territory_organisation_fkey" FOREIGN KEY (organisation) REFERENCES mano."Organisation"(_id) ON UPDATE CASCADE ON DELETE CASCADE;


--
-- Name: Treatment Treatment_organisation_fkey; Type: FK CONSTRAINT; Schema: mano; Owner: user_feat-pen-test-18fpoe
--

ALTER TABLE ONLY mano."Treatment"
    ADD CONSTRAINT "Treatment_organisation_fkey" FOREIGN KEY (organisation) REFERENCES mano."Organisation"(_id) ON UPDATE CASCADE ON DELETE CASCADE;


--
-- Name: User User_organisation_fkey; Type: FK CONSTRAINT; Schema: mano; Owner: user_feat-pen-test-18fpoe
--

ALTER TABLE ONLY mano."User"
    ADD CONSTRAINT "User_organisation_fkey" FOREIGN KEY (organisation) REFERENCES mano."Organisation"(_id) ON UPDATE CASCADE ON DELETE CASCADE DEFERRABLE;


--
-- PostgreSQL database dump complete
--

